<?xml version="1.0" encoding="UTF-8" standalone="no" ?>
<gpx xmlns="http://www.topografix.com/GPX/1/1" xmlns:xsi="http://www.w3.org/2001/XMLSchema-instance" xsi:schemaLocation="http://www.topografix.com/GPX/1/1 http://www.topografix.com/GPX/1/1/gpx.xsd" version="1.1" creator="EditGPX">
  <metadata>
    <name>Les Terrils</name>
    <desc>Parcours créé sur Trace de Trail</desc>
  </metadata>
  <wpt lat="47.760402" lon="6.729684">
    <ele>615.2</ele>
    <name><![CDATA[Ravitaillement 1]]></name>
  </wpt>
  <wpt lat="47.722277" lon="6.730513">
    <ele>431.4</ele>
    <name><![CDATA[Ravitaillement 2]]></name>
  </wpt>
  <trk>
    <name><![CDATA[Les Terrils sur TraceDeTrail.fr]]></name>
    <extensions>
      <line xmlns="http://www.topografix.com/GPX/gpx_style/0/2">
        <color>0000FF</color>
        <width>4</width>
      </line>
    </extensions>
    <trkseg>
      <trkpt lat="47.707900" lon="6.678720">
        <ele>370</ele>
        <time>2026-01-27T17:48:38+00:00</time>
      </trkpt>
      <trkpt lat="47.708020" lon="6.678090">
        <ele>370</ele>
        <time>2026-01-27T17:48:41+00:00</time>
      </trkpt>
      <trkpt lat="47.708050" lon="6.678010">
        <ele>371</ele>
        <time>2026-01-27T17:48:44+00:00</time>
      </trkpt>
      <trkpt lat="47.708070" lon="6.677850">
        <ele>370</ele>
        <time>2026-01-27T17:48:47+00:00</time>
      </trkpt>
      <trkpt lat="47.708070" lon="6.677790">
        <ele>370</ele>
        <time>2026-01-27T17:48:50+00:00</time>
      </trkpt>
      <trkpt lat="47.708040" lon="6.677670">
        <ele>370</ele>
        <time>2026-01-27T17:48:53+00:00</time>
      </trkpt>
      <trkpt lat="47.708010" lon="6.677600">
        <ele>370</ele>
        <time>2026-01-27T17:48:56+00:00</time>
      </trkpt>
      <trkpt lat="47.707890" lon="6.677400">
        <ele>369</ele>
        <time>2026-01-27T17:48:59+00:00</time>
      </trkpt>
      <trkpt lat="47.707750" lon="6.677170">
        <ele>369</ele>
        <time>2026-01-27T17:49:02+00:00</time>
      </trkpt>
      <trkpt lat="47.707500" lon="6.676830">
        <ele>369</ele>
        <time>2026-01-27T17:49:05+00:00</time>
      </trkpt>
      <trkpt lat="47.707450" lon="6.676740">
        <ele>368</ele>
        <time>2026-01-27T17:49:08+00:00</time>
      </trkpt>
      <trkpt lat="47.707360" lon="6.676610">
        <ele>368</ele>
        <time>2026-01-27T17:49:11+00:00</time>
      </trkpt>
      <trkpt lat="47.707220" lon="6.676450">
        <ele>368</ele>
        <time>2026-01-27T17:49:14+00:00</time>
      </trkpt>
      <trkpt lat="47.707100" lon="6.676330">
        <ele>367</ele>
        <time>2026-01-27T17:49:17+00:00</time>
      </trkpt>
      <trkpt lat="47.706960" lon="6.676130">
        <ele>367</ele>
        <time>2026-01-27T17:49:20+00:00</time>
      </trkpt>
      <trkpt lat="47.706880" lon="6.675950">
        <ele>367</ele>
        <time>2026-01-27T17:49:23+00:00</time>
      </trkpt>
      <trkpt lat="47.706850" lon="6.675690">
        <ele>367</ele>
        <time>2026-01-27T17:49:26+00:00</time>
      </trkpt>
      <trkpt lat="47.706860" lon="6.675370">
        <ele>367</ele>
        <time>2026-01-27T17:49:29+00:00</time>
      </trkpt>
      <trkpt lat="47.706870" lon="6.675280">
        <ele>366</ele>
        <time>2026-01-27T17:49:32+00:00</time>
      </trkpt>
      <trkpt lat="47.706920" lon="6.675050">
        <ele>367</ele>
        <time>2026-01-27T17:49:35+00:00</time>
      </trkpt>
      <trkpt lat="47.707000" lon="6.674900">
        <ele>367</ele>
        <time>2026-01-27T17:49:38+00:00</time>
      </trkpt>
      <trkpt lat="47.707040" lon="6.674850">
        <ele>367</ele>
        <time>2026-01-27T17:49:41+00:00</time>
      </trkpt>
      <trkpt lat="47.707150" lon="6.674760">
        <ele>366</ele>
        <time>2026-01-27T17:49:44+00:00</time>
      </trkpt>
      <trkpt lat="47.707340" lon="6.674680">
        <ele>366</ele>
        <time>2026-01-27T17:49:47+00:00</time>
      </trkpt>
      <trkpt lat="47.707410" lon="6.674660">
        <ele>367</ele>
        <time>2026-01-27T17:49:50+00:00</time>
      </trkpt>
      <trkpt lat="47.707650" lon="6.674670">
        <ele>367</ele>
        <time>2026-01-27T17:49:53+00:00</time>
      </trkpt>
      <trkpt lat="47.707750" lon="6.674660">
        <ele>367</ele>
        <time>2026-01-27T17:49:56+00:00</time>
      </trkpt>
      <trkpt lat="47.707980" lon="6.674660">
        <ele>367</ele>
        <time>2026-01-27T17:49:59+00:00</time>
      </trkpt>
      <trkpt lat="47.708320" lon="6.674670">
        <ele>368</ele>
        <time>2026-01-27T17:50:02+00:00</time>
      </trkpt>
      <trkpt lat="47.708420" lon="6.674640">
        <ele>368</ele>
        <time>2026-01-27T17:50:05+00:00</time>
      </trkpt>
      <trkpt lat="47.708480" lon="6.674640">
        <ele>368</ele>
        <time>2026-01-27T17:50:08+00:00</time>
      </trkpt>
      <trkpt lat="47.708620" lon="6.674590">
        <ele>368</ele>
        <time>2026-01-27T17:50:11+00:00</time>
      </trkpt>
      <trkpt lat="47.708980" lon="6.674750">
        <ele>369</ele>
        <time>2026-01-27T17:50:14+00:00</time>
      </trkpt>
      <trkpt lat="47.709210" lon="6.674840">
        <ele>372</ele>
        <time>2026-01-27T17:50:17+00:00</time>
      </trkpt>
      <trkpt lat="47.709390" lon="6.674950">
        <ele>374</ele>
        <time>2026-01-27T17:50:20+00:00</time>
      </trkpt>
      <trkpt lat="47.709550" lon="6.675030">
        <ele>376</ele>
        <time>2026-01-27T17:50:23+00:00</time>
      </trkpt>
      <trkpt lat="47.709800" lon="6.675200">
        <ele>379</ele>
        <time>2026-01-27T17:50:26+00:00</time>
      </trkpt>
      <trkpt lat="47.709920" lon="6.675300">
        <ele>381</ele>
        <time>2026-01-27T17:50:29+00:00</time>
      </trkpt>
      <trkpt lat="47.710000" lon="6.675400">
        <ele>383</ele>
        <time>2026-01-27T17:50:32+00:00</time>
      </trkpt>
      <trkpt lat="47.710090" lon="6.675450">
        <ele>383</ele>
        <time>2026-01-27T17:50:35+00:00</time>
      </trkpt>
      <trkpt lat="47.710170" lon="6.675480">
        <ele>384</ele>
        <time>2026-01-27T17:50:38+00:00</time>
      </trkpt>
      <trkpt lat="47.710260" lon="6.675540">
        <ele>388</ele>
        <time>2026-01-27T17:50:41+00:00</time>
      </trkpt>
      <trkpt lat="47.710490" lon="6.675590">
        <ele>393</ele>
        <time>2026-01-27T17:50:44+00:00</time>
      </trkpt>
      <trkpt lat="47.710600" lon="6.675650">
        <ele>398</ele>
        <time>2026-01-27T17:50:47+00:00</time>
      </trkpt>
      <trkpt lat="47.710870" lon="6.675770">
        <ele>404</ele>
        <time>2026-01-27T17:50:50+00:00</time>
      </trkpt>
      <trkpt lat="47.710990" lon="6.675850">
        <ele>406</ele>
        <time>2026-01-27T17:50:53+00:00</time>
      </trkpt>
      <trkpt lat="47.711070" lon="6.675930">
        <ele>407</ele>
        <time>2026-01-27T17:50:56+00:00</time>
      </trkpt>
      <trkpt lat="47.711170" lon="6.676050">
        <ele>409</ele>
        <time>2026-01-27T17:50:59+00:00</time>
      </trkpt>
      <trkpt lat="47.711340" lon="6.676190">
        <ele>411</ele>
        <time>2026-01-27T17:51:02+00:00</time>
      </trkpt>
      <trkpt lat="47.711390" lon="6.676280">
        <ele>412</ele>
        <time>2026-01-27T17:51:05+00:00</time>
      </trkpt>
      <trkpt lat="47.711580" lon="6.676430">
        <ele>415</ele>
        <time>2026-01-27T17:51:08+00:00</time>
      </trkpt>
      <trkpt lat="47.711630" lon="6.676460">
        <ele>415</ele>
        <time>2026-01-27T17:51:11+00:00</time>
      </trkpt>
      <trkpt lat="47.711720" lon="6.676480">
        <ele>416</ele>
        <time>2026-01-27T17:51:14+00:00</time>
      </trkpt>
      <trkpt lat="47.711970" lon="6.676500">
        <ele>420</ele>
        <time>2026-01-27T17:51:17+00:00</time>
      </trkpt>
      <trkpt lat="47.712050" lon="6.676530">
        <ele>422</ele>
        <time>2026-01-27T17:51:20+00:00</time>
      </trkpt>
      <trkpt lat="47.712200" lon="6.676640">
        <ele>424</ele>
        <time>2026-01-27T17:51:23+00:00</time>
      </trkpt>
      <trkpt lat="47.712330" lon="6.676790">
        <ele>427</ele>
        <time>2026-01-27T17:51:26+00:00</time>
      </trkpt>
      <trkpt lat="47.712460" lon="6.676910">
        <ele>428</ele>
        <time>2026-01-27T17:51:29+00:00</time>
      </trkpt>
      <trkpt lat="47.712660" lon="6.677000">
        <ele>432</ele>
        <time>2026-01-27T17:51:32+00:00</time>
      </trkpt>
      <trkpt lat="47.712760" lon="6.677020">
        <ele>433</ele>
        <time>2026-01-27T17:51:35+00:00</time>
      </trkpt>
      <trkpt lat="47.712860" lon="6.677090">
        <ele>434</ele>
        <time>2026-01-27T17:51:38+00:00</time>
      </trkpt>
      <trkpt lat="47.712900" lon="6.677150">
        <ele>435</ele>
        <time>2026-01-27T17:51:41+00:00</time>
      </trkpt>
      <trkpt lat="47.712980" lon="6.677230">
        <ele>437</ele>
        <time>2026-01-27T17:51:44+00:00</time>
      </trkpt>
      <trkpt lat="47.713170" lon="6.677300">
        <ele>439</ele>
        <time>2026-01-27T17:51:47+00:00</time>
      </trkpt>
      <trkpt lat="47.713330" lon="6.677350">
        <ele>441</ele>
        <time>2026-01-27T17:51:50+00:00</time>
      </trkpt>
      <trkpt lat="47.713450" lon="6.677450">
        <ele>441</ele>
        <time>2026-01-27T17:51:53+00:00</time>
      </trkpt>
      <trkpt lat="47.713520" lon="6.677600">
        <ele>442</ele>
        <time>2026-01-27T17:51:56+00:00</time>
      </trkpt>
      <trkpt lat="47.713540" lon="6.677670">
        <ele>442</ele>
        <time>2026-01-27T17:51:59+00:00</time>
      </trkpt>
      <trkpt lat="47.713560" lon="6.677840">
        <ele>443</ele>
        <time>2026-01-27T17:52:02+00:00</time>
      </trkpt>
      <trkpt lat="47.713590" lon="6.678180">
        <ele>443</ele>
        <time>2026-01-27T17:52:05+00:00</time>
      </trkpt>
      <trkpt lat="47.713680" lon="6.678540">
        <ele>444</ele>
        <time>2026-01-27T17:52:08+00:00</time>
      </trkpt>
      <trkpt lat="47.713780" lon="6.678620">
        <ele>444</ele>
        <time>2026-01-27T17:52:11+00:00</time>
      </trkpt>
      <trkpt lat="47.713800" lon="6.678620">
        <ele>444</ele>
        <time>2026-01-27T17:52:14+00:00</time>
      </trkpt>
      <trkpt lat="47.713970" lon="6.678680">
        <ele>444</ele>
        <time>2026-01-27T17:52:17+00:00</time>
      </trkpt>
      <trkpt lat="47.714170" lon="6.678760">
        <ele>444</ele>
        <time>2026-01-27T17:52:20+00:00</time>
      </trkpt>
      <trkpt lat="47.714370" lon="6.678780">
        <ele>444</ele>
        <time>2026-01-27T17:52:23+00:00</time>
      </trkpt>
      <trkpt lat="47.714500" lon="6.678760">
        <ele>445</ele>
        <time>2026-01-27T17:52:26+00:00</time>
      </trkpt>
      <trkpt lat="47.714610" lon="6.678680">
        <ele>445</ele>
        <time>2026-01-27T17:52:29+00:00</time>
      </trkpt>
      <trkpt lat="47.714710" lon="6.678580">
        <ele>445</ele>
        <time>2026-01-27T17:52:32+00:00</time>
      </trkpt>
      <trkpt lat="47.714740" lon="6.678540">
        <ele>445</ele>
        <time>2026-01-27T17:52:35+00:00</time>
      </trkpt>
      <trkpt lat="47.714850" lon="6.678460">
        <ele>445</ele>
        <time>2026-01-27T17:52:38+00:00</time>
      </trkpt>
      <trkpt lat="47.714930" lon="6.678500">
        <ele>446</ele>
        <time>2026-01-27T17:52:41+00:00</time>
      </trkpt>
      <trkpt lat="47.714980" lon="6.678590">
        <ele>446</ele>
        <time>2026-01-27T17:52:44+00:00</time>
      </trkpt>
      <trkpt lat="47.715080" lon="6.678650">
        <ele>448</ele>
        <time>2026-01-27T17:52:47+00:00</time>
      </trkpt>
      <trkpt lat="47.715250" lon="6.678630">
        <ele>450</ele>
        <time>2026-01-27T17:52:50+00:00</time>
      </trkpt>
      <trkpt lat="47.715300" lon="6.678630">
        <ele>450</ele>
        <time>2026-01-27T17:52:53+00:00</time>
      </trkpt>
      <trkpt lat="47.715450" lon="6.678690">
        <ele>454</ele>
        <time>2026-01-27T17:52:56+00:00</time>
      </trkpt>
      <trkpt lat="47.715550" lon="6.678720">
        <ele>456</ele>
        <time>2026-01-27T17:52:59+00:00</time>
      </trkpt>
      <trkpt lat="47.715640" lon="6.678780">
        <ele>460</ele>
        <time>2026-01-27T17:53:02+00:00</time>
      </trkpt>
      <trkpt lat="47.715680" lon="6.678890">
        <ele>460</ele>
        <time>2026-01-27T17:53:05+00:00</time>
      </trkpt>
      <trkpt lat="47.715690" lon="6.678910">
        <ele>461</ele>
        <time>2026-01-27T17:53:08+00:00</time>
      </trkpt>
      <trkpt lat="47.715710" lon="6.678920">
        <ele>462</ele>
        <time>2026-01-27T17:53:11+00:00</time>
      </trkpt>
      <trkpt lat="47.715910" lon="6.679000">
        <ele>467</ele>
        <time>2026-01-27T17:53:14+00:00</time>
      </trkpt>
      <trkpt lat="47.716010" lon="6.679020">
        <ele>468</ele>
        <time>2026-01-27T17:53:17+00:00</time>
      </trkpt>
      <trkpt lat="47.716060" lon="6.679010">
        <ele>468</ele>
        <time>2026-01-27T17:53:20+00:00</time>
      </trkpt>
      <trkpt lat="47.716140" lon="6.679020">
        <ele>469</ele>
        <time>2026-01-27T17:53:23+00:00</time>
      </trkpt>
      <trkpt lat="47.716240" lon="6.679070">
        <ele>470</ele>
        <time>2026-01-27T17:53:26+00:00</time>
      </trkpt>
      <trkpt lat="47.716350" lon="6.679100">
        <ele>471</ele>
        <time>2026-01-27T17:53:29+00:00</time>
      </trkpt>
      <trkpt lat="47.716430" lon="6.679150">
        <ele>472</ele>
        <time>2026-01-27T17:53:32+00:00</time>
      </trkpt>
      <trkpt lat="47.716490" lon="6.679220">
        <ele>472</ele>
        <time>2026-01-27T17:53:35+00:00</time>
      </trkpt>
      <trkpt lat="47.716670" lon="6.679370">
        <ele>475</ele>
        <time>2026-01-27T17:53:38+00:00</time>
      </trkpt>
      <trkpt lat="47.716780" lon="6.679510">
        <ele>476</ele>
        <time>2026-01-27T17:53:41+00:00</time>
      </trkpt>
      <trkpt lat="47.716860" lon="6.679660">
        <ele>479</ele>
        <time>2026-01-27T17:53:44+00:00</time>
      </trkpt>
      <trkpt lat="47.716900" lon="6.679720">
        <ele>482</ele>
        <time>2026-01-27T17:53:47+00:00</time>
      </trkpt>
      <trkpt lat="47.717010" lon="6.679830">
        <ele>484</ele>
        <time>2026-01-27T17:53:50+00:00</time>
      </trkpt>
      <trkpt lat="47.717180" lon="6.680030">
        <ele>487</ele>
        <time>2026-01-27T17:53:53+00:00</time>
      </trkpt>
      <trkpt lat="47.717240" lon="6.680120">
        <ele>488</ele>
        <time>2026-01-27T17:53:56+00:00</time>
      </trkpt>
      <trkpt lat="47.717340" lon="6.680310">
        <ele>491</ele>
        <time>2026-01-27T17:53:59+00:00</time>
      </trkpt>
      <trkpt lat="47.717600" lon="6.680690">
        <ele>495</ele>
        <time>2026-01-27T17:54:02+00:00</time>
      </trkpt>
      <trkpt lat="47.717660" lon="6.680810">
        <ele>496</ele>
        <time>2026-01-27T17:54:05+00:00</time>
      </trkpt>
      <trkpt lat="47.717770" lon="6.681230">
        <ele>498</ele>
        <time>2026-01-27T17:54:08+00:00</time>
      </trkpt>
      <trkpt lat="47.717830" lon="6.681440">
        <ele>499</ele>
        <time>2026-01-27T17:54:11+00:00</time>
      </trkpt>
      <trkpt lat="47.717870" lon="6.681530">
        <ele>500</ele>
        <time>2026-01-27T17:54:14+00:00</time>
      </trkpt>
      <trkpt lat="47.717990" lon="6.681740">
        <ele>500</ele>
        <time>2026-01-27T17:54:17+00:00</time>
      </trkpt>
      <trkpt lat="47.718210" lon="6.682070">
        <ele>500</ele>
        <time>2026-01-27T17:54:20+00:00</time>
      </trkpt>
      <trkpt lat="47.718230" lon="6.682140">
        <ele>501</ele>
        <time>2026-01-27T17:54:23+00:00</time>
      </trkpt>
      <trkpt lat="47.718350" lon="6.682350">
        <ele>500</ele>
        <time>2026-01-27T17:54:26+00:00</time>
      </trkpt>
      <trkpt lat="47.718470" lon="6.682610">
        <ele>500</ele>
        <time>2026-01-27T17:54:29+00:00</time>
      </trkpt>
      <trkpt lat="47.718550" lon="6.682720">
        <ele>500</ele>
        <time>2026-01-27T17:54:32+00:00</time>
      </trkpt>
      <trkpt lat="47.718700" lon="6.682840">
        <ele>500</ele>
        <time>2026-01-27T17:54:35+00:00</time>
      </trkpt>
      <trkpt lat="47.718830" lon="6.682900">
        <ele>500</ele>
        <time>2026-01-27T17:54:38+00:00</time>
      </trkpt>
      <trkpt lat="47.718960" lon="6.682970">
        <ele>501</ele>
        <time>2026-01-27T17:54:41+00:00</time>
      </trkpt>
      <trkpt lat="47.719380" lon="6.682900">
        <ele>502</ele>
        <time>2026-01-27T17:54:44+00:00</time>
      </trkpt>
      <trkpt lat="47.719720" lon="6.682970">
        <ele>504</ele>
        <time>2026-01-27T17:54:47+00:00</time>
      </trkpt>
      <trkpt lat="47.719900" lon="6.683060">
        <ele>504</ele>
        <time>2026-01-27T17:54:50+00:00</time>
      </trkpt>
      <trkpt lat="47.720060" lon="6.683110">
        <ele>503</ele>
        <time>2026-01-27T17:54:53+00:00</time>
      </trkpt>
      <trkpt lat="47.720210" lon="6.683100">
        <ele>504</ele>
        <time>2026-01-27T17:54:56+00:00</time>
      </trkpt>
      <trkpt lat="47.720440" lon="6.683060">
        <ele>504</ele>
        <time>2026-01-27T17:54:59+00:00</time>
      </trkpt>
      <trkpt lat="47.720550" lon="6.683030">
        <ele>504</ele>
        <time>2026-01-27T17:55:02+00:00</time>
      </trkpt>
      <trkpt lat="47.720600" lon="6.683030">
        <ele>504</ele>
        <time>2026-01-27T17:55:05+00:00</time>
      </trkpt>
      <trkpt lat="47.720800" lon="6.682950">
        <ele>504</ele>
        <time>2026-01-27T17:55:08+00:00</time>
      </trkpt>
      <trkpt lat="47.721190" lon="6.682760">
        <ele>506</ele>
        <time>2026-01-27T17:55:11+00:00</time>
      </trkpt>
      <trkpt lat="47.721430" lon="6.682670">
        <ele>507</ele>
        <time>2026-01-27T17:55:14+00:00</time>
      </trkpt>
      <trkpt lat="47.721630" lon="6.682660">
        <ele>508</ele>
        <time>2026-01-27T17:55:17+00:00</time>
      </trkpt>
      <trkpt lat="47.721910" lon="6.682630">
        <ele>510</ele>
        <time>2026-01-27T17:55:20+00:00</time>
      </trkpt>
      <trkpt lat="47.721970" lon="6.682630">
        <ele>510</ele>
        <time>2026-01-27T17:55:23+00:00</time>
      </trkpt>
      <trkpt lat="47.722140" lon="6.682690">
        <ele>513</ele>
        <time>2026-01-27T17:55:26+00:00</time>
      </trkpt>
      <trkpt lat="47.722440" lon="6.682700">
        <ele>517</ele>
        <time>2026-01-27T17:55:29+00:00</time>
      </trkpt>
      <trkpt lat="47.722730" lon="6.682690">
        <ele>521</ele>
        <time>2026-01-27T17:55:32+00:00</time>
      </trkpt>
      <trkpt lat="47.722880" lon="6.682660">
        <ele>523</ele>
        <time>2026-01-27T17:55:35+00:00</time>
      </trkpt>
      <trkpt lat="47.722990" lon="6.682590">
        <ele>525</ele>
        <time>2026-01-27T17:55:38+00:00</time>
      </trkpt>
      <trkpt lat="47.723190" lon="6.682490">
        <ele>526</ele>
        <time>2026-01-27T17:55:41+00:00</time>
      </trkpt>
      <trkpt lat="47.723330" lon="6.682470">
        <ele>529</ele>
        <time>2026-01-27T17:55:44+00:00</time>
      </trkpt>
      <trkpt lat="47.723510" lon="6.682390">
        <ele>532</ele>
        <time>2026-01-27T17:55:47+00:00</time>
      </trkpt>
      <trkpt lat="47.723570" lon="6.682370">
        <ele>532</ele>
        <time>2026-01-27T17:55:50+00:00</time>
      </trkpt>
      <trkpt lat="47.723840" lon="6.682230">
        <ele>534</ele>
        <time>2026-01-27T17:55:53+00:00</time>
      </trkpt>
      <trkpt lat="47.723970" lon="6.682080">
        <ele>536</ele>
        <time>2026-01-27T17:55:56+00:00</time>
      </trkpt>
      <trkpt lat="47.724080" lon="6.682040">
        <ele>537</ele>
        <time>2026-01-27T17:55:59+00:00</time>
      </trkpt>
      <trkpt lat="47.724110" lon="6.682040">
        <ele>539</ele>
        <time>2026-01-27T17:56:02+00:00</time>
      </trkpt>
      <trkpt lat="47.724240" lon="6.682080">
        <ele>540</ele>
        <time>2026-01-27T17:56:05+00:00</time>
      </trkpt>
      <trkpt lat="47.724340" lon="6.682050">
        <ele>542</ele>
        <time>2026-01-27T17:56:08+00:00</time>
      </trkpt>
      <trkpt lat="47.724380" lon="6.682030">
        <ele>542</ele>
        <time>2026-01-27T17:56:11+00:00</time>
      </trkpt>
      <trkpt lat="47.724520" lon="6.681920">
        <ele>546</ele>
        <time>2026-01-27T17:56:14+00:00</time>
      </trkpt>
      <trkpt lat="47.724580" lon="6.681900">
        <ele>546</ele>
        <time>2026-01-27T17:56:17+00:00</time>
      </trkpt>
      <trkpt lat="47.724650" lon="6.681890">
        <ele>548</ele>
        <time>2026-01-27T17:56:20+00:00</time>
      </trkpt>
      <trkpt lat="47.724710" lon="6.681900">
        <ele>548</ele>
        <time>2026-01-27T17:56:23+00:00</time>
      </trkpt>
      <trkpt lat="47.724890" lon="6.681860">
        <ele>551</ele>
        <time>2026-01-27T17:56:26+00:00</time>
      </trkpt>
      <trkpt lat="47.724960" lon="6.681860">
        <ele>552</ele>
        <time>2026-01-27T17:56:29+00:00</time>
      </trkpt>
      <trkpt lat="47.725010" lon="6.681850">
        <ele>554</ele>
        <time>2026-01-27T17:56:32+00:00</time>
      </trkpt>
      <trkpt lat="47.725120" lon="6.681780">
        <ele>558</ele>
        <time>2026-01-27T17:56:35+00:00</time>
      </trkpt>
      <trkpt lat="47.725330" lon="6.681590">
        <ele>562</ele>
        <time>2026-01-27T17:56:38+00:00</time>
      </trkpt>
      <trkpt lat="47.725490" lon="6.681330">
        <ele>564</ele>
        <time>2026-01-27T17:56:41+00:00</time>
      </trkpt>
      <trkpt lat="47.725530" lon="6.681280">
        <ele>566</ele>
        <time>2026-01-27T17:56:44+00:00</time>
      </trkpt>
      <trkpt lat="47.725650" lon="6.681190">
        <ele>569</ele>
        <time>2026-01-27T17:56:47+00:00</time>
      </trkpt>
      <trkpt lat="47.725870" lon="6.680990">
        <ele>573</ele>
        <time>2026-01-27T17:56:50+00:00</time>
      </trkpt>
      <trkpt lat="47.725920" lon="6.680970">
        <ele>576</ele>
        <time>2026-01-27T17:56:53+00:00</time>
      </trkpt>
      <trkpt lat="47.726060" lon="6.680970">
        <ele>578</ele>
        <time>2026-01-27T17:56:56+00:00</time>
      </trkpt>
      <trkpt lat="47.726220" lon="6.680940">
        <ele>583</ele>
        <time>2026-01-27T17:56:59+00:00</time>
      </trkpt>
      <trkpt lat="47.726300" lon="6.680910">
        <ele>585</ele>
        <time>2026-01-27T17:57:02+00:00</time>
      </trkpt>
      <trkpt lat="47.726410" lon="6.680880">
        <ele>586</ele>
        <time>2026-01-27T17:57:05+00:00</time>
      </trkpt>
      <trkpt lat="47.726560" lon="6.680810">
        <ele>589</ele>
        <time>2026-01-27T17:57:08+00:00</time>
      </trkpt>
      <trkpt lat="47.726630" lon="6.680710">
        <ele>591</ele>
        <time>2026-01-27T17:57:11+00:00</time>
      </trkpt>
      <trkpt lat="47.726810" lon="6.680400">
        <ele>596</ele>
        <time>2026-01-27T17:57:14+00:00</time>
      </trkpt>
      <trkpt lat="47.726860" lon="6.680280">
        <ele>597</ele>
        <time>2026-01-27T17:57:17+00:00</time>
      </trkpt>
      <trkpt lat="47.726880" lon="6.680160">
        <ele>597</ele>
        <time>2026-01-27T17:57:20+00:00</time>
      </trkpt>
      <trkpt lat="47.726960" lon="6.679860">
        <ele>600</ele>
        <time>2026-01-27T17:57:23+00:00</time>
      </trkpt>
      <trkpt lat="47.726980" lon="6.679730">
        <ele>600</ele>
        <time>2026-01-27T17:57:26+00:00</time>
      </trkpt>
      <trkpt lat="47.726990" lon="6.679610">
        <ele>600</ele>
        <time>2026-01-27T17:57:29+00:00</time>
      </trkpt>
      <trkpt lat="47.727000" lon="6.679560">
        <ele>605</ele>
        <time>2026-01-27T17:57:32+00:00</time>
      </trkpt>
      <trkpt lat="47.727010" lon="6.679420">
        <ele>605</ele>
        <time>2026-01-27T17:57:35+00:00</time>
      </trkpt>
      <trkpt lat="47.727030" lon="6.679330">
        <ele>606</ele>
        <time>2026-01-27T17:57:38+00:00</time>
      </trkpt>
      <trkpt lat="47.727040" lon="6.679160">
        <ele>609</ele>
        <time>2026-01-27T17:57:41+00:00</time>
      </trkpt>
      <trkpt lat="47.727040" lon="6.678950">
        <ele>614</ele>
        <time>2026-01-27T17:57:44+00:00</time>
      </trkpt>
      <trkpt lat="47.727050" lon="6.678900">
        <ele>614</ele>
        <time>2026-01-27T17:57:47+00:00</time>
      </trkpt>
      <trkpt lat="47.727030" lon="6.678710">
        <ele>618</ele>
        <time>2026-01-27T17:57:50+00:00</time>
      </trkpt>
      <trkpt lat="47.727020" lon="6.678570">
        <ele>621</ele>
        <time>2026-01-27T17:57:53+00:00</time>
      </trkpt>
      <trkpt lat="47.727020" lon="6.678490">
        <ele>623</ele>
        <time>2026-01-27T17:57:56+00:00</time>
      </trkpt>
      <trkpt lat="47.727050" lon="6.678370">
        <ele>623</ele>
        <time>2026-01-27T17:57:59+00:00</time>
      </trkpt>
      <trkpt lat="47.727090" lon="6.678300">
        <ele>623</ele>
        <time>2026-01-27T17:58:02+00:00</time>
      </trkpt>
      <trkpt lat="47.727140" lon="6.678250">
        <ele>625</ele>
        <time>2026-01-27T17:58:05+00:00</time>
      </trkpt>
      <trkpt lat="47.727240" lon="6.678300">
        <ele>626</ele>
        <time>2026-01-27T17:58:08+00:00</time>
      </trkpt>
      <trkpt lat="47.727370" lon="6.678420">
        <ele>626</ele>
        <time>2026-01-27T17:58:11+00:00</time>
      </trkpt>
      <trkpt lat="47.727510" lon="6.678490">
        <ele>628</ele>
        <time>2026-01-27T17:58:14+00:00</time>
      </trkpt>
      <trkpt lat="47.727580" lon="6.678540">
        <ele>629</ele>
        <time>2026-01-27T17:58:17+00:00</time>
      </trkpt>
      <trkpt lat="47.727650" lon="6.678630">
        <ele>630</ele>
        <time>2026-01-27T17:58:20+00:00</time>
      </trkpt>
      <trkpt lat="47.727690" lon="6.678670">
        <ele>630</ele>
        <time>2026-01-27T17:58:23+00:00</time>
      </trkpt>
      <trkpt lat="47.727760" lon="6.678770">
        <ele>632</ele>
        <time>2026-01-27T17:58:26+00:00</time>
      </trkpt>
      <trkpt lat="47.727920" lon="6.679140">
        <ele>637</ele>
        <time>2026-01-27T17:58:29+00:00</time>
      </trkpt>
      <trkpt lat="47.728000" lon="6.679370">
        <ele>641</ele>
        <time>2026-01-27T17:58:32+00:00</time>
      </trkpt>
      <trkpt lat="47.728030" lon="6.679430">
        <ele>641</ele>
        <time>2026-01-27T17:58:35+00:00</time>
      </trkpt>
      <trkpt lat="47.728120" lon="6.679510">
        <ele>643</ele>
        <time>2026-01-27T17:58:38+00:00</time>
      </trkpt>
      <trkpt lat="47.728290" lon="6.679710">
        <ele>645</ele>
        <time>2026-01-27T17:58:41+00:00</time>
      </trkpt>
      <trkpt lat="47.728410" lon="6.679830">
        <ele>648</ele>
        <time>2026-01-27T17:58:44+00:00</time>
      </trkpt>
      <trkpt lat="47.728520" lon="6.679920">
        <ele>649</ele>
        <time>2026-01-27T17:58:47+00:00</time>
      </trkpt>
      <trkpt lat="47.728780" lon="6.680040">
        <ele>653</ele>
        <time>2026-01-27T17:58:50+00:00</time>
      </trkpt>
      <trkpt lat="47.728920" lon="6.680160">
        <ele>655</ele>
        <time>2026-01-27T17:58:53+00:00</time>
      </trkpt>
      <trkpt lat="47.729050" lon="6.680330">
        <ele>655</ele>
        <time>2026-01-27T17:58:56+00:00</time>
      </trkpt>
      <trkpt lat="47.729260" lon="6.680540">
        <ele>657</ele>
        <time>2026-01-27T17:58:59+00:00</time>
      </trkpt>
      <trkpt lat="47.729350" lon="6.680650">
        <ele>660</ele>
        <time>2026-01-27T17:59:02+00:00</time>
      </trkpt>
      <trkpt lat="47.729410" lon="6.680710">
        <ele>662</ele>
        <time>2026-01-27T17:59:05+00:00</time>
      </trkpt>
      <trkpt lat="47.729470" lon="6.680790">
        <ele>662</ele>
        <time>2026-01-27T17:59:08+00:00</time>
      </trkpt>
      <trkpt lat="47.729570" lon="6.681030">
        <ele>663</ele>
        <time>2026-01-27T17:59:11+00:00</time>
      </trkpt>
      <trkpt lat="47.729680" lon="6.681390">
        <ele>663</ele>
        <time>2026-01-27T17:59:14+00:00</time>
      </trkpt>
      <trkpt lat="47.729680" lon="6.681440">
        <ele>663</ele>
        <time>2026-01-27T17:59:17+00:00</time>
      </trkpt>
      <trkpt lat="47.729760" lon="6.681590">
        <ele>663</ele>
        <time>2026-01-27T17:59:20+00:00</time>
      </trkpt>
      <trkpt lat="47.729880" lon="6.681770">
        <ele>663</ele>
        <time>2026-01-27T17:59:23+00:00</time>
      </trkpt>
      <trkpt lat="47.729990" lon="6.681990">
        <ele>663</ele>
        <time>2026-01-27T17:59:26+00:00</time>
      </trkpt>
      <trkpt lat="47.730090" lon="6.682160">
        <ele>663</ele>
        <time>2026-01-27T17:59:29+00:00</time>
      </trkpt>
      <trkpt lat="47.730100" lon="6.682180">
        <ele>663</ele>
        <time>2026-01-27T17:59:32+00:00</time>
      </trkpt>
      <trkpt lat="47.730110" lon="6.682250">
        <ele>663</ele>
        <time>2026-01-27T17:59:35+00:00</time>
      </trkpt>
      <trkpt lat="47.730170" lon="6.682400">
        <ele>662</ele>
        <time>2026-01-27T17:59:38+00:00</time>
      </trkpt>
      <trkpt lat="47.730220" lon="6.682440">
        <ele>663</ele>
        <time>2026-01-27T17:59:41+00:00</time>
      </trkpt>
      <trkpt lat="47.730300" lon="6.682550">
        <ele>664</ele>
        <time>2026-01-27T17:59:44+00:00</time>
      </trkpt>
      <trkpt lat="47.730350" lon="6.682650">
        <ele>664</ele>
        <time>2026-01-27T17:59:47+00:00</time>
      </trkpt>
      <trkpt lat="47.730420" lon="6.682830">
        <ele>664</ele>
        <time>2026-01-27T17:59:50+00:00</time>
      </trkpt>
      <trkpt lat="47.730430" lon="6.682890">
        <ele>664</ele>
        <time>2026-01-27T17:59:53+00:00</time>
      </trkpt>
      <trkpt lat="47.730580" lon="6.683160">
        <ele>664</ele>
        <time>2026-01-27T17:59:56+00:00</time>
      </trkpt>
      <trkpt lat="47.730640" lon="6.683400">
        <ele>663</ele>
        <time>2026-01-27T17:59:59+00:00</time>
      </trkpt>
      <trkpt lat="47.730670" lon="6.683490">
        <ele>663</ele>
        <time>2026-01-27T18:00:02+00:00</time>
      </trkpt>
      <trkpt lat="47.730820" lon="6.683740">
        <ele>662</ele>
        <time>2026-01-27T18:00:05+00:00</time>
      </trkpt>
      <trkpt lat="47.730870" lon="6.683800">
        <ele>661</ele>
        <time>2026-01-27T18:00:08+00:00</time>
      </trkpt>
      <trkpt lat="47.731040" lon="6.683970">
        <ele>660</ele>
        <time>2026-01-27T18:00:11+00:00</time>
      </trkpt>
      <trkpt lat="47.731160" lon="6.684130">
        <ele>658</ele>
        <time>2026-01-27T18:00:14+00:00</time>
      </trkpt>
      <trkpt lat="47.731200" lon="6.684230">
        <ele>657</ele>
        <time>2026-01-27T18:00:17+00:00</time>
      </trkpt>
      <trkpt lat="47.731250" lon="6.684320">
        <ele>656</ele>
        <time>2026-01-27T18:00:20+00:00</time>
      </trkpt>
      <trkpt lat="47.731290" lon="6.684430">
        <ele>655</ele>
        <time>2026-01-27T18:00:23+00:00</time>
      </trkpt>
      <trkpt lat="47.731390" lon="6.684600">
        <ele>653</ele>
        <time>2026-01-27T18:00:26+00:00</time>
      </trkpt>
      <trkpt lat="47.731500" lon="6.684820">
        <ele>653</ele>
        <time>2026-01-27T18:00:29+00:00</time>
      </trkpt>
      <trkpt lat="47.731600" lon="6.685050">
        <ele>653</ele>
        <time>2026-01-27T18:00:32+00:00</time>
      </trkpt>
      <trkpt lat="47.731730" lon="6.685320">
        <ele>655</ele>
        <time>2026-01-27T18:00:35+00:00</time>
      </trkpt>
      <trkpt lat="47.731870" lon="6.685600">
        <ele>656</ele>
        <time>2026-01-27T18:00:38+00:00</time>
      </trkpt>
      <trkpt lat="47.732100" lon="6.685920">
        <ele>660</ele>
        <time>2026-01-27T18:00:41+00:00</time>
      </trkpt>
      <trkpt lat="47.732210" lon="6.686110">
        <ele>662</ele>
        <time>2026-01-27T18:00:44+00:00</time>
      </trkpt>
      <trkpt lat="47.732270" lon="6.686180">
        <ele>662</ele>
        <time>2026-01-27T18:00:47+00:00</time>
      </trkpt>
      <trkpt lat="47.732340" lon="6.686230">
        <ele>664</ele>
        <time>2026-01-27T18:00:50+00:00</time>
      </trkpt>
      <trkpt lat="47.732390" lon="6.686240">
        <ele>664</ele>
        <time>2026-01-27T18:00:53+00:00</time>
      </trkpt>
      <trkpt lat="47.732620" lon="6.686210">
        <ele>669</ele>
        <time>2026-01-27T18:00:56+00:00</time>
      </trkpt>
      <trkpt lat="47.732720" lon="6.686190">
        <ele>670</ele>
        <time>2026-01-27T18:00:59+00:00</time>
      </trkpt>
      <trkpt lat="47.732800" lon="6.686240">
        <ele>672</ele>
        <time>2026-01-27T18:01:02+00:00</time>
      </trkpt>
      <trkpt lat="47.732950" lon="6.686380">
        <ele>676</ele>
        <time>2026-01-27T18:01:05+00:00</time>
      </trkpt>
      <trkpt lat="47.733100" lon="6.686490">
        <ele>678</ele>
        <time>2026-01-27T18:01:08+00:00</time>
      </trkpt>
      <trkpt lat="47.733280" lon="6.686630">
        <ele>685</ele>
        <time>2026-01-27T18:01:11+00:00</time>
      </trkpt>
      <trkpt lat="47.733380" lon="6.686720">
        <ele>688</ele>
        <time>2026-01-27T18:01:14+00:00</time>
      </trkpt>
      <trkpt lat="47.733480" lon="6.686850">
        <ele>690</ele>
        <time>2026-01-27T18:01:17+00:00</time>
      </trkpt>
      <trkpt lat="47.733510" lon="6.686910">
        <ele>694</ele>
        <time>2026-01-27T18:01:20+00:00</time>
      </trkpt>
      <trkpt lat="47.733780" lon="6.687090">
        <ele>698</ele>
        <time>2026-01-27T18:01:23+00:00</time>
      </trkpt>
      <trkpt lat="47.733900" lon="6.687210">
        <ele>704</ele>
        <time>2026-01-27T18:01:26+00:00</time>
      </trkpt>
      <trkpt lat="47.733960" lon="6.687300">
        <ele>705</ele>
        <time>2026-01-27T18:01:29+00:00</time>
      </trkpt>
      <trkpt lat="47.734020" lon="6.687420">
        <ele>706</ele>
        <time>2026-01-27T18:01:32+00:00</time>
      </trkpt>
      <trkpt lat="47.734050" lon="6.687450">
        <ele>706</ele>
        <time>2026-01-27T18:01:35+00:00</time>
      </trkpt>
      <trkpt lat="47.734110" lon="6.687500">
        <ele>709</ele>
        <time>2026-01-27T18:01:38+00:00</time>
      </trkpt>
      <trkpt lat="47.734240" lon="6.687580">
        <ele>711</ele>
        <time>2026-01-27T18:01:41+00:00</time>
      </trkpt>
      <trkpt lat="47.734300" lon="6.687640">
        <ele>712</ele>
        <time>2026-01-27T18:01:44+00:00</time>
      </trkpt>
      <trkpt lat="47.734350" lon="6.687680">
        <ele>713</ele>
        <time>2026-01-27T18:01:47+00:00</time>
      </trkpt>
      <trkpt lat="47.734450" lon="6.687700">
        <ele>715</ele>
        <time>2026-01-27T18:01:50+00:00</time>
      </trkpt>
      <trkpt lat="47.734490" lon="6.687720">
        <ele>715</ele>
        <time>2026-01-27T18:01:53+00:00</time>
      </trkpt>
      <trkpt lat="47.734560" lon="6.687730">
        <ele>716</ele>
        <time>2026-01-27T18:01:56+00:00</time>
      </trkpt>
      <trkpt lat="47.734590" lon="6.687730">
        <ele>716</ele>
        <time>2026-01-27T18:01:59+00:00</time>
      </trkpt>
      <trkpt lat="47.734710" lon="6.687700">
        <ele>718</ele>
        <time>2026-01-27T18:02:02+00:00</time>
      </trkpt>
      <trkpt lat="47.734920" lon="6.687670">
        <ele>720</ele>
        <time>2026-01-27T18:02:05+00:00</time>
      </trkpt>
      <trkpt lat="47.735010" lon="6.687650">
        <ele>722</ele>
        <time>2026-01-27T18:02:08+00:00</time>
      </trkpt>
      <trkpt lat="47.735110" lon="6.687680">
        <ele>723</ele>
        <time>2026-01-27T18:02:11+00:00</time>
      </trkpt>
      <trkpt lat="47.735200" lon="6.687660">
        <ele>725</ele>
        <time>2026-01-27T18:02:14+00:00</time>
      </trkpt>
      <trkpt lat="47.735370" lon="6.687590">
        <ele>729</ele>
        <time>2026-01-27T18:02:17+00:00</time>
      </trkpt>
      <trkpt lat="47.735420" lon="6.687560">
        <ele>731</ele>
        <time>2026-01-27T18:02:20+00:00</time>
      </trkpt>
      <trkpt lat="47.735560" lon="6.687450">
        <ele>734</ele>
        <time>2026-01-27T18:02:23+00:00</time>
      </trkpt>
      <trkpt lat="47.735690" lon="6.687390">
        <ele>738</ele>
        <time>2026-01-27T18:02:26+00:00</time>
      </trkpt>
      <trkpt lat="47.735740" lon="6.687380">
        <ele>740</ele>
        <time>2026-01-27T18:02:29+00:00</time>
      </trkpt>
      <trkpt lat="47.735880" lon="6.687380">
        <ele>741</ele>
        <time>2026-01-27T18:02:32+00:00</time>
      </trkpt>
      <trkpt lat="47.735910" lon="6.687370">
        <ele>744</ele>
        <time>2026-01-27T18:02:35+00:00</time>
      </trkpt>
      <trkpt lat="47.736020" lon="6.687270">
        <ele>747</ele>
        <time>2026-01-27T18:02:38+00:00</time>
      </trkpt>
      <trkpt lat="47.736130" lon="6.687210">
        <ele>750</ele>
        <time>2026-01-27T18:02:41+00:00</time>
      </trkpt>
      <trkpt lat="47.736230" lon="6.687100">
        <ele>754</ele>
        <time>2026-01-27T18:02:44+00:00</time>
      </trkpt>
      <trkpt lat="47.736360" lon="6.687050">
        <ele>757</ele>
        <time>2026-01-27T18:02:47+00:00</time>
      </trkpt>
      <trkpt lat="47.736520" lon="6.686970">
        <ele>763</ele>
        <time>2026-01-27T18:02:50+00:00</time>
      </trkpt>
      <trkpt lat="47.736600" lon="6.686870">
        <ele>766</ele>
        <time>2026-01-27T18:02:53+00:00</time>
      </trkpt>
      <trkpt lat="47.736770" lon="6.686810">
        <ele>769</ele>
        <time>2026-01-27T18:02:56+00:00</time>
      </trkpt>
      <trkpt lat="47.736880" lon="6.686800">
        <ele>773</ele>
        <time>2026-01-27T18:02:59+00:00</time>
      </trkpt>
      <trkpt lat="47.736930" lon="6.686820">
        <ele>776</ele>
        <time>2026-01-27T18:03:02+00:00</time>
      </trkpt>
      <trkpt lat="47.736960" lon="6.686870">
        <ele>776</ele>
        <time>2026-01-27T18:03:05+00:00</time>
      </trkpt>
      <trkpt lat="47.737020" lon="6.686880">
        <ele>779</ele>
        <time>2026-01-27T18:03:08+00:00</time>
      </trkpt>
      <trkpt lat="47.737040" lon="6.686900">
        <ele>778</ele>
        <time>2026-01-27T18:03:11+00:00</time>
      </trkpt>
      <trkpt lat="47.737090" lon="6.686920">
        <ele>778</ele>
        <time>2026-01-27T18:03:14+00:00</time>
      </trkpt>
      <trkpt lat="47.737160" lon="6.686930">
        <ele>781</ele>
        <time>2026-01-27T18:03:17+00:00</time>
      </trkpt>
      <trkpt lat="47.737330" lon="6.686900">
        <ele>784</ele>
        <time>2026-01-27T18:03:20+00:00</time>
      </trkpt>
      <trkpt lat="47.737320" lon="6.686920">
        <ele>781</ele>
        <time>2026-01-27T18:03:23+00:00</time>
      </trkpt>
      <trkpt lat="47.737310" lon="6.686920">
        <ele>784</ele>
        <time>2026-01-27T18:03:26+00:00</time>
      </trkpt>
      <trkpt lat="47.737290" lon="6.686980">
        <ele>783</ele>
        <time>2026-01-27T18:03:29+00:00</time>
      </trkpt>
      <trkpt lat="47.737310" lon="6.687060">
        <ele>784</ele>
        <time>2026-01-27T18:03:32+00:00</time>
      </trkpt>
      <trkpt lat="47.737290" lon="6.687280">
        <ele>780</ele>
        <time>2026-01-27T18:03:35+00:00</time>
      </trkpt>
      <trkpt lat="47.737320" lon="6.687370">
        <ele>782</ele>
        <time>2026-01-27T18:03:38+00:00</time>
      </trkpt>
      <trkpt lat="47.737250" lon="6.687540">
        <ele>779</ele>
        <time>2026-01-27T18:03:41+00:00</time>
      </trkpt>
      <trkpt lat="47.737230" lon="6.687550">
        <ele>779</ele>
        <time>2026-01-27T18:03:44+00:00</time>
      </trkpt>
      <trkpt lat="47.737200" lon="6.687620">
        <ele>779</ele>
        <time>2026-01-27T18:03:47+00:00</time>
      </trkpt>
      <trkpt lat="47.737190" lon="6.687700">
        <ele>775</ele>
        <time>2026-01-27T18:03:50+00:00</time>
      </trkpt>
      <trkpt lat="47.737170" lon="6.687750">
        <ele>775</ele>
        <time>2026-01-27T18:03:53+00:00</time>
      </trkpt>
      <trkpt lat="47.737170" lon="6.687790">
        <ele>775</ele>
        <time>2026-01-27T18:03:56+00:00</time>
      </trkpt>
      <trkpt lat="47.737160" lon="6.687810">
        <ele>772</ele>
        <time>2026-01-27T18:03:59+00:00</time>
      </trkpt>
      <trkpt lat="47.737140" lon="6.687890">
        <ele>772</ele>
        <time>2026-01-27T18:04:02+00:00</time>
      </trkpt>
      <trkpt lat="47.737120" lon="6.688020">
        <ele>766</ele>
        <time>2026-01-27T18:04:05+00:00</time>
      </trkpt>
      <trkpt lat="47.737140" lon="6.688090">
        <ele>771</ele>
        <time>2026-01-27T18:04:08+00:00</time>
      </trkpt>
      <trkpt lat="47.737170" lon="6.688050">
        <ele>766</ele>
        <time>2026-01-27T18:04:11+00:00</time>
      </trkpt>
      <trkpt lat="47.737180" lon="6.688010">
        <ele>766</ele>
        <time>2026-01-27T18:04:14+00:00</time>
      </trkpt>
      <trkpt lat="47.737210" lon="6.687960">
        <ele>771</ele>
        <time>2026-01-27T18:04:17+00:00</time>
      </trkpt>
      <trkpt lat="47.737220" lon="6.687970">
        <ele>771</ele>
        <time>2026-01-27T18:04:20+00:00</time>
      </trkpt>
      <trkpt lat="47.737210" lon="6.687940">
        <ele>771</ele>
        <time>2026-01-27T18:04:23+00:00</time>
      </trkpt>
      <trkpt lat="47.737240" lon="6.688000">
        <ele>768</ele>
        <time>2026-01-27T18:04:26+00:00</time>
      </trkpt>
      <trkpt lat="47.737220" lon="6.688000">
        <ele>768</ele>
        <time>2026-01-27T18:04:29+00:00</time>
      </trkpt>
      <trkpt lat="47.737210" lon="6.688020">
        <ele>768</ele>
        <time>2026-01-27T18:04:32+00:00</time>
      </trkpt>
      <trkpt lat="47.737180" lon="6.688160">
        <ele>762</ele>
        <time>2026-01-27T18:04:35+00:00</time>
      </trkpt>
      <trkpt lat="47.737180" lon="6.688190">
        <ele>762</ele>
        <time>2026-01-27T18:04:38+00:00</time>
      </trkpt>
      <trkpt lat="47.737220" lon="6.688090">
        <ele>768</ele>
        <time>2026-01-27T18:04:41+00:00</time>
      </trkpt>
      <trkpt lat="47.737220" lon="6.688100">
        <ele>764</ele>
        <time>2026-01-27T18:04:44+00:00</time>
      </trkpt>
      <trkpt lat="47.737240" lon="6.688100">
        <ele>764</ele>
        <time>2026-01-27T18:04:47+00:00</time>
      </trkpt>
      <trkpt lat="47.737220" lon="6.688070">
        <ele>768</ele>
        <time>2026-01-27T18:04:50+00:00</time>
      </trkpt>
      <trkpt lat="47.737210" lon="6.688040">
        <ele>768</ele>
        <time>2026-01-27T18:04:53+00:00</time>
      </trkpt>
      <trkpt lat="47.737190" lon="6.688040">
        <ele>766</ele>
        <time>2026-01-27T18:04:56+00:00</time>
      </trkpt>
      <trkpt lat="47.737150" lon="6.688170">
        <ele>762</ele>
        <time>2026-01-27T18:04:59+00:00</time>
      </trkpt>
      <trkpt lat="47.737160" lon="6.688230">
        <ele>760</ele>
        <time>2026-01-27T18:05:02+00:00</time>
      </trkpt>
      <trkpt lat="47.737170" lon="6.688250">
        <ele>760</ele>
        <time>2026-01-27T18:05:05+00:00</time>
      </trkpt>
      <trkpt lat="47.737240" lon="6.688190">
        <ele>764</ele>
        <time>2026-01-27T18:05:08+00:00</time>
      </trkpt>
      <trkpt lat="47.737280" lon="6.688190">
        <ele>764</ele>
        <time>2026-01-27T18:05:11+00:00</time>
      </trkpt>
      <trkpt lat="47.737180" lon="6.688240">
        <ele>760</ele>
        <time>2026-01-27T18:05:14+00:00</time>
      </trkpt>
      <trkpt lat="47.737050" lon="6.688330">
        <ele>754</ele>
        <time>2026-01-27T18:05:17+00:00</time>
      </trkpt>
      <trkpt lat="47.737090" lon="6.688420">
        <ele>750</ele>
        <time>2026-01-27T18:05:20+00:00</time>
      </trkpt>
      <trkpt lat="47.737080" lon="6.688460">
        <ele>750</ele>
        <time>2026-01-27T18:05:23+00:00</time>
      </trkpt>
      <trkpt lat="47.737020" lon="6.688550">
        <ele>748</ele>
        <time>2026-01-27T18:05:26+00:00</time>
      </trkpt>
      <trkpt lat="47.736980" lon="6.688570">
        <ele>746</ele>
        <time>2026-01-27T18:05:29+00:00</time>
      </trkpt>
      <trkpt lat="47.736980" lon="6.688580">
        <ele>746</ele>
        <time>2026-01-27T18:05:32+00:00</time>
      </trkpt>
      <trkpt lat="47.736960" lon="6.688600">
        <ele>743</ele>
        <time>2026-01-27T18:05:35+00:00</time>
      </trkpt>
      <trkpt lat="47.736940" lon="6.688570">
        <ele>746</ele>
        <time>2026-01-27T18:05:38+00:00</time>
      </trkpt>
      <trkpt lat="47.736950" lon="6.688600">
        <ele>743</ele>
        <time>2026-01-27T18:05:41+00:00</time>
      </trkpt>
      <trkpt lat="47.736940" lon="6.688650">
        <ele>743</ele>
        <time>2026-01-27T18:05:44+00:00</time>
      </trkpt>
      <trkpt lat="47.736940" lon="6.688690">
        <ele>743</ele>
        <time>2026-01-27T18:05:47+00:00</time>
      </trkpt>
      <trkpt lat="47.736920" lon="6.688730">
        <ele>739</ele>
        <time>2026-01-27T18:05:50+00:00</time>
      </trkpt>
      <trkpt lat="47.736930" lon="6.688760">
        <ele>739</ele>
        <time>2026-01-27T18:05:53+00:00</time>
      </trkpt>
      <trkpt lat="47.736980" lon="6.688780">
        <ele>739</ele>
        <time>2026-01-27T18:05:56+00:00</time>
      </trkpt>
      <trkpt lat="47.736970" lon="6.688780">
        <ele>739</ele>
        <time>2026-01-27T18:05:59+00:00</time>
      </trkpt>
      <trkpt lat="47.737000" lon="6.688820">
        <ele>736</ele>
        <time>2026-01-27T18:06:02+00:00</time>
      </trkpt>
      <trkpt lat="47.737000" lon="6.688830">
        <ele>736</ele>
        <time>2026-01-27T18:06:05+00:00</time>
      </trkpt>
      <trkpt lat="47.737030" lon="6.688850">
        <ele>739</ele>
        <time>2026-01-27T18:06:08+00:00</time>
      </trkpt>
      <trkpt lat="47.737030" lon="6.688870">
        <ele>739</ele>
        <time>2026-01-27T18:06:11+00:00</time>
      </trkpt>
      <trkpt lat="47.736880" lon="6.688900">
        <ele>731</ele>
        <time>2026-01-27T18:06:14+00:00</time>
      </trkpt>
      <trkpt lat="47.736860" lon="6.688890">
        <ele>734</ele>
        <time>2026-01-27T18:06:17+00:00</time>
      </trkpt>
      <trkpt lat="47.736780" lon="6.688920">
        <ele>728</ele>
        <time>2026-01-27T18:06:20+00:00</time>
      </trkpt>
      <trkpt lat="47.736780" lon="6.688990">
        <ele>728</ele>
        <time>2026-01-27T18:06:23+00:00</time>
      </trkpt>
      <trkpt lat="47.736790" lon="6.689060">
        <ele>725</ele>
        <time>2026-01-27T18:06:26+00:00</time>
      </trkpt>
      <trkpt lat="47.736770" lon="6.689090">
        <ele>725</ele>
        <time>2026-01-27T18:06:29+00:00</time>
      </trkpt>
      <trkpt lat="47.736770" lon="6.689190">
        <ele>721</ele>
        <time>2026-01-27T18:06:32+00:00</time>
      </trkpt>
      <trkpt lat="47.736780" lon="6.689200">
        <ele>719</ele>
        <time>2026-01-27T18:06:35+00:00</time>
      </trkpt>
      <trkpt lat="47.736770" lon="6.689200">
        <ele>719</ele>
        <time>2026-01-27T18:06:38+00:00</time>
      </trkpt>
      <trkpt lat="47.736770" lon="6.689220">
        <ele>719</ele>
        <time>2026-01-27T18:06:41+00:00</time>
      </trkpt>
      <trkpt lat="47.736730" lon="6.689230">
        <ele>719</ele>
        <time>2026-01-27T18:06:44+00:00</time>
      </trkpt>
      <trkpt lat="47.736700" lon="6.689250">
        <ele>717</ele>
        <time>2026-01-27T18:06:47+00:00</time>
      </trkpt>
      <trkpt lat="47.736650" lon="6.689290">
        <ele>717</ele>
        <time>2026-01-27T18:06:50+00:00</time>
      </trkpt>
      <trkpt lat="47.736620" lon="6.689330">
        <ele>715</ele>
        <time>2026-01-27T18:06:53+00:00</time>
      </trkpt>
      <trkpt lat="47.736570" lon="6.689350">
        <ele>713</ele>
        <time>2026-01-27T18:06:56+00:00</time>
      </trkpt>
      <trkpt lat="47.736530" lon="6.689350">
        <ele>713</ele>
        <time>2026-01-27T18:06:59+00:00</time>
      </trkpt>
      <trkpt lat="47.736570" lon="6.689370">
        <ele>713</ele>
        <time>2026-01-27T18:07:02+00:00</time>
      </trkpt>
      <trkpt lat="47.736560" lon="6.689380">
        <ele>713</ele>
        <time>2026-01-27T18:07:05+00:00</time>
      </trkpt>
      <trkpt lat="47.736570" lon="6.689400">
        <ele>709</ele>
        <time>2026-01-27T18:07:08+00:00</time>
      </trkpt>
      <trkpt lat="47.736540" lon="6.689430">
        <ele>709</ele>
        <time>2026-01-27T18:07:11+00:00</time>
      </trkpt>
      <trkpt lat="47.736660" lon="6.689410">
        <ele>712</ele>
        <time>2026-01-27T18:07:14+00:00</time>
      </trkpt>
      <trkpt lat="47.736470" lon="6.689530">
        <ele>704</ele>
        <time>2026-01-27T18:07:17+00:00</time>
      </trkpt>
      <trkpt lat="47.736470" lon="6.689540">
        <ele>704</ele>
        <time>2026-01-27T18:07:20+00:00</time>
      </trkpt>
      <trkpt lat="47.736460" lon="6.689540">
        <ele>704</ele>
        <time>2026-01-27T18:07:23+00:00</time>
      </trkpt>
      <trkpt lat="47.736450" lon="6.689560">
        <ele>704</ele>
        <time>2026-01-27T18:07:26+00:00</time>
      </trkpt>
      <trkpt lat="47.736390" lon="6.689600">
        <ele>700</ele>
        <time>2026-01-27T18:07:29+00:00</time>
      </trkpt>
      <trkpt lat="47.736370" lon="6.689630">
        <ele>700</ele>
        <time>2026-01-27T18:07:32+00:00</time>
      </trkpt>
      <trkpt lat="47.736360" lon="6.689690">
        <ele>700</ele>
        <time>2026-01-27T18:07:35+00:00</time>
      </trkpt>
      <trkpt lat="47.736270" lon="6.689890">
        <ele>695</ele>
        <time>2026-01-27T18:07:38+00:00</time>
      </trkpt>
      <trkpt lat="47.736270" lon="6.689970">
        <ele>694</ele>
        <time>2026-01-27T18:07:41+00:00</time>
      </trkpt>
      <trkpt lat="47.736170" lon="6.690140">
        <ele>689</ele>
        <time>2026-01-27T18:07:44+00:00</time>
      </trkpt>
      <trkpt lat="47.736130" lon="6.690180">
        <ele>689</ele>
        <time>2026-01-27T18:07:47+00:00</time>
      </trkpt>
      <trkpt lat="47.736120" lon="6.690250">
        <ele>689</ele>
        <time>2026-01-27T18:07:50+00:00</time>
      </trkpt>
      <trkpt lat="47.736120" lon="6.690590">
        <ele>687</ele>
        <time>2026-01-27T18:07:53+00:00</time>
      </trkpt>
      <trkpt lat="47.736130" lon="6.690810">
        <ele>685</ele>
        <time>2026-01-27T18:07:56+00:00</time>
      </trkpt>
      <trkpt lat="47.736150" lon="6.690990">
        <ele>686</ele>
        <time>2026-01-27T18:07:59+00:00</time>
      </trkpt>
      <trkpt lat="47.736180" lon="6.691200">
        <ele>683</ele>
        <time>2026-01-27T18:08:02+00:00</time>
      </trkpt>
      <trkpt lat="47.736240" lon="6.691540">
        <ele>685</ele>
        <time>2026-01-27T18:08:05+00:00</time>
      </trkpt>
      <trkpt lat="47.736280" lon="6.691840">
        <ele>682</ele>
        <time>2026-01-27T18:08:08+00:00</time>
      </trkpt>
      <trkpt lat="47.736360" lon="6.692080">
        <ele>683</ele>
        <time>2026-01-27T18:08:11+00:00</time>
      </trkpt>
      <trkpt lat="47.736420" lon="6.692380">
        <ele>679</ele>
        <time>2026-01-27T18:08:14+00:00</time>
      </trkpt>
      <trkpt lat="47.736430" lon="6.692700">
        <ele>679</ele>
        <time>2026-01-27T18:08:17+00:00</time>
      </trkpt>
      <trkpt lat="47.736400" lon="6.692930">
        <ele>680</ele>
        <time>2026-01-27T18:08:20+00:00</time>
      </trkpt>
      <trkpt lat="47.736320" lon="6.693150">
        <ele>680</ele>
        <time>2026-01-27T18:08:23+00:00</time>
      </trkpt>
      <trkpt lat="47.736240" lon="6.693410">
        <ele>679</ele>
        <time>2026-01-27T18:08:26+00:00</time>
      </trkpt>
      <trkpt lat="47.736210" lon="6.693450">
        <ele>681</ele>
        <time>2026-01-27T18:08:29+00:00</time>
      </trkpt>
      <trkpt lat="47.736190" lon="6.693530">
        <ele>678</ele>
        <time>2026-01-27T18:08:32+00:00</time>
      </trkpt>
      <trkpt lat="47.736180" lon="6.693650">
        <ele>679</ele>
        <time>2026-01-27T18:08:35+00:00</time>
      </trkpt>
      <trkpt lat="47.736150" lon="6.693780">
        <ele>679</ele>
        <time>2026-01-27T18:08:38+00:00</time>
      </trkpt>
      <trkpt lat="47.736110" lon="6.693910">
        <ele>680</ele>
        <time>2026-01-27T18:08:41+00:00</time>
      </trkpt>
      <trkpt lat="47.736060" lon="6.694260">
        <ele>679</ele>
        <time>2026-01-27T18:08:44+00:00</time>
      </trkpt>
      <trkpt lat="47.736050" lon="6.694450">
        <ele>678</ele>
        <time>2026-01-27T18:08:47+00:00</time>
      </trkpt>
      <trkpt lat="47.736050" lon="6.694690">
        <ele>679</ele>
        <time>2026-01-27T18:08:50+00:00</time>
      </trkpt>
      <trkpt lat="47.736070" lon="6.694820">
        <ele>681</ele>
        <time>2026-01-27T18:08:53+00:00</time>
      </trkpt>
      <trkpt lat="47.736080" lon="6.695120">
        <ele>681</ele>
        <time>2026-01-27T18:08:56+00:00</time>
      </trkpt>
      <trkpt lat="47.736080" lon="6.695310">
        <ele>681</ele>
        <time>2026-01-27T18:08:59+00:00</time>
      </trkpt>
      <trkpt lat="47.736100" lon="6.695470">
        <ele>681</ele>
        <time>2026-01-27T18:09:02+00:00</time>
      </trkpt>
      <trkpt lat="47.736090" lon="6.695660">
        <ele>678</ele>
        <time>2026-01-27T18:09:05+00:00</time>
      </trkpt>
      <trkpt lat="47.736150" lon="6.696030">
        <ele>677</ele>
        <time>2026-01-27T18:09:08+00:00</time>
      </trkpt>
      <trkpt lat="47.736190" lon="6.696160">
        <ele>677</ele>
        <time>2026-01-27T18:09:11+00:00</time>
      </trkpt>
      <trkpt lat="47.736210" lon="6.696510">
        <ele>675</ele>
        <time>2026-01-27T18:09:14+00:00</time>
      </trkpt>
      <trkpt lat="47.736260" lon="6.696640">
        <ele>673</ele>
        <time>2026-01-27T18:09:17+00:00</time>
      </trkpt>
      <trkpt lat="47.736270" lon="6.696710">
        <ele>671</ele>
        <time>2026-01-27T18:09:20+00:00</time>
      </trkpt>
      <trkpt lat="47.736310" lon="6.696830">
        <ele>672</ele>
        <time>2026-01-27T18:09:23+00:00</time>
      </trkpt>
      <trkpt lat="47.736360" lon="6.696940">
        <ele>669</ele>
        <time>2026-01-27T18:09:26+00:00</time>
      </trkpt>
      <trkpt lat="47.736410" lon="6.697020">
        <ele>670</ele>
        <time>2026-01-27T18:09:29+00:00</time>
      </trkpt>
      <trkpt lat="47.736550" lon="6.697150">
        <ele>669</ele>
        <time>2026-01-27T18:09:32+00:00</time>
      </trkpt>
      <trkpt lat="47.736640" lon="6.697250">
        <ele>665</ele>
        <time>2026-01-27T18:09:35+00:00</time>
      </trkpt>
      <trkpt lat="47.736770" lon="6.697300">
        <ele>662</ele>
        <time>2026-01-27T18:09:38+00:00</time>
      </trkpt>
      <trkpt lat="47.736840" lon="6.697370">
        <ele>662</ele>
        <time>2026-01-27T18:09:41+00:00</time>
      </trkpt>
      <trkpt lat="47.736890" lon="6.697390">
        <ele>662</ele>
        <time>2026-01-27T18:09:44+00:00</time>
      </trkpt>
      <trkpt lat="47.737050" lon="6.697420">
        <ele>657</ele>
        <time>2026-01-27T18:09:47+00:00</time>
      </trkpt>
      <trkpt lat="47.737150" lon="6.697420">
        <ele>656</ele>
        <time>2026-01-27T18:09:50+00:00</time>
      </trkpt>
      <trkpt lat="47.737180" lon="6.697430">
        <ele>656</ele>
        <time>2026-01-27T18:09:53+00:00</time>
      </trkpt>
      <trkpt lat="47.737260" lon="6.697410">
        <ele>655</ele>
        <time>2026-01-27T18:09:56+00:00</time>
      </trkpt>
      <trkpt lat="47.737350" lon="6.697480">
        <ele>655</ele>
        <time>2026-01-27T18:09:59+00:00</time>
      </trkpt>
      <trkpt lat="47.737390" lon="6.697520">
        <ele>652</ele>
        <time>2026-01-27T18:10:02+00:00</time>
      </trkpt>
      <trkpt lat="47.737450" lon="6.697660">
        <ele>652</ele>
        <time>2026-01-27T18:10:05+00:00</time>
      </trkpt>
      <trkpt lat="47.737580" lon="6.698070">
        <ele>649</ele>
        <time>2026-01-27T18:10:08+00:00</time>
      </trkpt>
      <trkpt lat="47.737600" lon="6.698170">
        <ele>648</ele>
        <time>2026-01-27T18:10:11+00:00</time>
      </trkpt>
      <trkpt lat="47.737660" lon="6.698730">
        <ele>647</ele>
        <time>2026-01-27T18:10:14+00:00</time>
      </trkpt>
      <trkpt lat="47.737690" lon="6.698950">
        <ele>645</ele>
        <time>2026-01-27T18:10:17+00:00</time>
      </trkpt>
      <trkpt lat="47.737710" lon="6.699060">
        <ele>647</ele>
        <time>2026-01-27T18:10:20+00:00</time>
      </trkpt>
      <trkpt lat="47.737710" lon="6.699090">
        <ele>647</ele>
        <time>2026-01-27T18:10:23+00:00</time>
      </trkpt>
      <trkpt lat="47.737750" lon="6.699220">
        <ele>644</ele>
        <time>2026-01-27T18:10:26+00:00</time>
      </trkpt>
      <trkpt lat="47.737790" lon="6.699480">
        <ele>640</ele>
        <time>2026-01-27T18:10:29+00:00</time>
      </trkpt>
      <trkpt lat="47.737790" lon="6.699520">
        <ele>639</ele>
        <time>2026-01-27T18:10:32+00:00</time>
      </trkpt>
      <trkpt lat="47.737770" lon="6.699590">
        <ele>639</ele>
        <time>2026-01-27T18:10:35+00:00</time>
      </trkpt>
      <trkpt lat="47.737750" lon="6.699630">
        <ele>640</ele>
        <time>2026-01-27T18:10:38+00:00</time>
      </trkpt>
      <trkpt lat="47.737690" lon="6.699680">
        <ele>636</ele>
        <time>2026-01-27T18:10:41+00:00</time>
      </trkpt>
      <trkpt lat="47.737630" lon="6.699750">
        <ele>638</ele>
        <time>2026-01-27T18:10:44+00:00</time>
      </trkpt>
      <trkpt lat="47.737520" lon="6.699980">
        <ele>638</ele>
        <time>2026-01-27T18:10:47+00:00</time>
      </trkpt>
      <trkpt lat="47.737470" lon="6.700130">
        <ele>639</ele>
        <time>2026-01-27T18:10:50+00:00</time>
      </trkpt>
      <trkpt lat="47.737350" lon="6.700280">
        <ele>635</ele>
        <time>2026-01-27T18:10:53+00:00</time>
      </trkpt>
      <trkpt lat="47.737240" lon="6.700460">
        <ele>635</ele>
        <time>2026-01-27T18:10:56+00:00</time>
      </trkpt>
      <trkpt lat="47.737160" lon="6.700670">
        <ele>635</ele>
        <time>2026-01-27T18:10:59+00:00</time>
      </trkpt>
      <trkpt lat="47.737070" lon="6.700810">
        <ele>634</ele>
        <time>2026-01-27T18:11:02+00:00</time>
      </trkpt>
      <trkpt lat="47.737020" lon="6.700940">
        <ele>636</ele>
        <time>2026-01-27T18:11:05+00:00</time>
      </trkpt>
      <trkpt lat="47.736980" lon="6.701000">
        <ele>635</ele>
        <time>2026-01-27T18:11:08+00:00</time>
      </trkpt>
      <trkpt lat="47.736880" lon="6.701320">
        <ele>635</ele>
        <time>2026-01-27T18:11:11+00:00</time>
      </trkpt>
      <trkpt lat="47.736820" lon="6.701440">
        <ele>638</ele>
        <time>2026-01-27T18:11:14+00:00</time>
      </trkpt>
      <trkpt lat="47.736700" lon="6.701620">
        <ele>635</ele>
        <time>2026-01-27T18:11:17+00:00</time>
      </trkpt>
      <trkpt lat="47.736620" lon="6.701710">
        <ele>636</ele>
        <time>2026-01-27T18:11:20+00:00</time>
      </trkpt>
      <trkpt lat="47.736570" lon="6.701840">
        <ele>635</ele>
        <time>2026-01-27T18:11:23+00:00</time>
      </trkpt>
      <trkpt lat="47.736490" lon="6.701970">
        <ele>631</ele>
        <time>2026-01-27T18:11:26+00:00</time>
      </trkpt>
      <trkpt lat="47.736470" lon="6.702080">
        <ele>631</ele>
        <time>2026-01-27T18:11:29+00:00</time>
      </trkpt>
      <trkpt lat="47.736420" lon="6.702210">
        <ele>632</ele>
        <time>2026-01-27T18:11:32+00:00</time>
      </trkpt>
      <trkpt lat="47.736350" lon="6.702430">
        <ele>629</ele>
        <time>2026-01-27T18:11:35+00:00</time>
      </trkpt>
      <trkpt lat="47.736290" lon="6.702560">
        <ele>624</ele>
        <time>2026-01-27T18:11:38+00:00</time>
      </trkpt>
      <trkpt lat="47.736280" lon="6.702610">
        <ele>624</ele>
        <time>2026-01-27T18:11:41+00:00</time>
      </trkpt>
      <trkpt lat="47.736250" lon="6.702650">
        <ele>624</ele>
        <time>2026-01-27T18:11:44+00:00</time>
      </trkpt>
      <trkpt lat="47.736170" lon="6.702830">
        <ele>621</ele>
        <time>2026-01-27T18:11:47+00:00</time>
      </trkpt>
      <trkpt lat="47.736120" lon="6.702920">
        <ele>623</ele>
        <time>2026-01-27T18:11:50+00:00</time>
      </trkpt>
      <trkpt lat="47.736060" lon="6.703060">
        <ele>623</ele>
        <time>2026-01-27T18:11:53+00:00</time>
      </trkpt>
      <trkpt lat="47.736010" lon="6.703200">
        <ele>623</ele>
        <time>2026-01-27T18:11:56+00:00</time>
      </trkpt>
      <trkpt lat="47.735860" lon="6.703490">
        <ele>619</ele>
        <time>2026-01-27T18:11:59+00:00</time>
      </trkpt>
      <trkpt lat="47.735820" lon="6.703610">
        <ele>619</ele>
        <time>2026-01-27T18:12:02+00:00</time>
      </trkpt>
      <trkpt lat="47.735760" lon="6.703720">
        <ele>617</ele>
        <time>2026-01-27T18:12:05+00:00</time>
      </trkpt>
      <trkpt lat="47.735750" lon="6.703780">
        <ele>617</ele>
        <time>2026-01-27T18:12:08+00:00</time>
      </trkpt>
      <trkpt lat="47.735670" lon="6.703930">
        <ele>614</ele>
        <time>2026-01-27T18:12:11+00:00</time>
      </trkpt>
      <trkpt lat="47.735570" lon="6.704180">
        <ele>610</ele>
        <time>2026-01-27T18:12:14+00:00</time>
      </trkpt>
      <trkpt lat="47.735510" lon="6.704280">
        <ele>610</ele>
        <time>2026-01-27T18:12:17+00:00</time>
      </trkpt>
      <trkpt lat="47.735470" lon="6.704420">
        <ele>608</ele>
        <time>2026-01-27T18:12:20+00:00</time>
      </trkpt>
      <trkpt lat="47.735450" lon="6.704540">
        <ele>608</ele>
        <time>2026-01-27T18:12:23+00:00</time>
      </trkpt>
      <trkpt lat="47.735430" lon="6.704570">
        <ele>608</ele>
        <time>2026-01-27T18:12:26+00:00</time>
      </trkpt>
      <trkpt lat="47.735420" lon="6.704630">
        <ele>609</ele>
        <time>2026-01-27T18:12:29+00:00</time>
      </trkpt>
      <trkpt lat="47.735370" lon="6.704690">
        <ele>605</ele>
        <time>2026-01-27T18:12:32+00:00</time>
      </trkpt>
      <trkpt lat="47.735300" lon="6.704860">
        <ele>602</ele>
        <time>2026-01-27T18:12:35+00:00</time>
      </trkpt>
      <trkpt lat="47.735240" lon="6.704980">
        <ele>603</ele>
        <time>2026-01-27T18:12:38+00:00</time>
      </trkpt>
      <trkpt lat="47.735160" lon="6.705190">
        <ele>602</ele>
        <time>2026-01-27T18:12:41+00:00</time>
      </trkpt>
      <trkpt lat="47.735070" lon="6.705350">
        <ele>602</ele>
        <time>2026-01-27T18:12:44+00:00</time>
      </trkpt>
      <trkpt lat="47.735050" lon="6.705430">
        <ele>603</ele>
        <time>2026-01-27T18:12:47+00:00</time>
      </trkpt>
      <trkpt lat="47.735000" lon="6.705530">
        <ele>603</ele>
        <time>2026-01-27T18:12:50+00:00</time>
      </trkpt>
      <trkpt lat="47.734970" lon="6.705560">
        <ele>601</ele>
        <time>2026-01-27T18:12:53+00:00</time>
      </trkpt>
      <trkpt lat="47.734880" lon="6.705710">
        <ele>600</ele>
        <time>2026-01-27T18:12:56+00:00</time>
      </trkpt>
      <trkpt lat="47.734820" lon="6.705770">
        <ele>600</ele>
        <time>2026-01-27T18:12:59+00:00</time>
      </trkpt>
      <trkpt lat="47.734850" lon="6.705780">
        <ele>600</ele>
        <time>2026-01-27T18:13:02+00:00</time>
      </trkpt>
      <trkpt lat="47.734870" lon="6.705760">
        <ele>600</ele>
        <time>2026-01-27T18:13:05+00:00</time>
      </trkpt>
      <trkpt lat="47.734880" lon="6.705760">
        <ele>600</ele>
        <time>2026-01-27T18:13:08+00:00</time>
      </trkpt>
      <trkpt lat="47.734900" lon="6.705870">
        <ele>600</ele>
        <time>2026-01-27T18:13:11+00:00</time>
      </trkpt>
      <trkpt lat="47.734920" lon="6.705940">
        <ele>603</ele>
        <time>2026-01-27T18:13:14+00:00</time>
      </trkpt>
      <trkpt lat="47.734990" lon="6.706150">
        <ele>605</ele>
        <time>2026-01-27T18:13:17+00:00</time>
      </trkpt>
      <trkpt lat="47.735080" lon="6.706370">
        <ele>610</ele>
        <time>2026-01-27T18:13:20+00:00</time>
      </trkpt>
      <trkpt lat="47.735140" lon="6.706450">
        <ele>612</ele>
        <time>2026-01-27T18:13:23+00:00</time>
      </trkpt>
      <trkpt lat="47.735350" lon="6.706680">
        <ele>618</ele>
        <time>2026-01-27T18:13:26+00:00</time>
      </trkpt>
      <trkpt lat="47.735480" lon="6.706740">
        <ele>620</ele>
        <time>2026-01-27T18:13:29+00:00</time>
      </trkpt>
      <trkpt lat="47.735570" lon="6.706760">
        <ele>622</ele>
        <time>2026-01-27T18:13:32+00:00</time>
      </trkpt>
      <trkpt lat="47.735660" lon="6.706760">
        <ele>626</ele>
        <time>2026-01-27T18:13:35+00:00</time>
      </trkpt>
      <trkpt lat="47.735700" lon="6.706750">
        <ele>628</ele>
        <time>2026-01-27T18:13:38+00:00</time>
      </trkpt>
      <trkpt lat="47.735790" lon="6.706630">
        <ele>628</ele>
        <time>2026-01-27T18:13:41+00:00</time>
      </trkpt>
      <trkpt lat="47.735830" lon="6.706470">
        <ele>633</ele>
        <time>2026-01-27T18:13:44+00:00</time>
      </trkpt>
      <trkpt lat="47.735860" lon="6.706400">
        <ele>633</ele>
        <time>2026-01-27T18:13:47+00:00</time>
      </trkpt>
      <trkpt lat="47.735910" lon="6.706230">
        <ele>638</ele>
        <time>2026-01-27T18:13:50+00:00</time>
      </trkpt>
      <trkpt lat="47.735960" lon="6.706130">
        <ele>637</ele>
        <time>2026-01-27T18:13:53+00:00</time>
      </trkpt>
      <trkpt lat="47.736030" lon="6.706070">
        <ele>639</ele>
        <time>2026-01-27T18:13:56+00:00</time>
      </trkpt>
      <trkpt lat="47.736080" lon="6.706060">
        <ele>639</ele>
        <time>2026-01-27T18:13:59+00:00</time>
      </trkpt>
      <trkpt lat="47.736130" lon="6.706030">
        <ele>641</ele>
        <time>2026-01-27T18:14:02+00:00</time>
      </trkpt>
      <trkpt lat="47.736220" lon="6.706010">
        <ele>644</ele>
        <time>2026-01-27T18:14:05+00:00</time>
      </trkpt>
      <trkpt lat="47.736370" lon="6.705940">
        <ele>645</ele>
        <time>2026-01-27T18:14:08+00:00</time>
      </trkpt>
      <trkpt lat="47.736560" lon="6.705880">
        <ele>649</ele>
        <time>2026-01-27T18:14:11+00:00</time>
      </trkpt>
      <trkpt lat="47.736640" lon="6.705820">
        <ele>652</ele>
        <time>2026-01-27T18:14:14+00:00</time>
      </trkpt>
      <trkpt lat="47.736740" lon="6.705850">
        <ele>654</ele>
        <time>2026-01-27T18:14:17+00:00</time>
      </trkpt>
      <trkpt lat="47.736830" lon="6.705860">
        <ele>658</ele>
        <time>2026-01-27T18:14:20+00:00</time>
      </trkpt>
      <trkpt lat="47.736920" lon="6.705840">
        <ele>662</ele>
        <time>2026-01-27T18:14:23+00:00</time>
      </trkpt>
      <trkpt lat="47.737020" lon="6.705850">
        <ele>665</ele>
        <time>2026-01-27T18:14:26+00:00</time>
      </trkpt>
      <trkpt lat="47.737130" lon="6.705840">
        <ele>669</ele>
        <time>2026-01-27T18:14:29+00:00</time>
      </trkpt>
      <trkpt lat="47.737160" lon="6.705850">
        <ele>669</ele>
        <time>2026-01-27T18:14:32+00:00</time>
      </trkpt>
      <trkpt lat="47.737190" lon="6.705850">
        <ele>669</ele>
        <time>2026-01-27T18:14:35+00:00</time>
      </trkpt>
      <trkpt lat="47.737300" lon="6.705750">
        <ele>674</ele>
        <time>2026-01-27T18:14:38+00:00</time>
      </trkpt>
      <trkpt lat="47.737390" lon="6.705690">
        <ele>675</ele>
        <time>2026-01-27T18:14:41+00:00</time>
      </trkpt>
      <trkpt lat="47.737450" lon="6.705680">
        <ele>679</ele>
        <time>2026-01-27T18:14:44+00:00</time>
      </trkpt>
      <trkpt lat="47.737490" lon="6.705690">
        <ele>679</ele>
        <time>2026-01-27T18:14:47+00:00</time>
      </trkpt>
      <trkpt lat="47.737540" lon="6.705680">
        <ele>682</ele>
        <time>2026-01-27T18:14:50+00:00</time>
      </trkpt>
      <trkpt lat="47.737640" lon="6.705700">
        <ele>685</ele>
        <time>2026-01-27T18:14:53+00:00</time>
      </trkpt>
      <trkpt lat="47.737700" lon="6.705680">
        <ele>685</ele>
        <time>2026-01-27T18:14:56+00:00</time>
      </trkpt>
      <trkpt lat="47.737740" lon="6.705690">
        <ele>689</ele>
        <time>2026-01-27T18:14:59+00:00</time>
      </trkpt>
      <trkpt lat="47.737800" lon="6.705680">
        <ele>689</ele>
        <time>2026-01-27T18:15:02+00:00</time>
      </trkpt>
      <trkpt lat="47.737880" lon="6.705650">
        <ele>692</ele>
        <time>2026-01-27T18:15:05+00:00</time>
      </trkpt>
      <trkpt lat="47.737920" lon="6.705620">
        <ele>694</ele>
        <time>2026-01-27T18:15:08+00:00</time>
      </trkpt>
      <trkpt lat="47.737990" lon="6.705600">
        <ele>695</ele>
        <time>2026-01-27T18:15:11+00:00</time>
      </trkpt>
      <trkpt lat="47.738040" lon="6.705570">
        <ele>699</ele>
        <time>2026-01-27T18:15:14+00:00</time>
      </trkpt>
      <trkpt lat="47.738170" lon="6.705460">
        <ele>701</ele>
        <time>2026-01-27T18:15:17+00:00</time>
      </trkpt>
      <trkpt lat="47.738260" lon="6.705400">
        <ele>704</ele>
        <time>2026-01-27T18:15:20+00:00</time>
      </trkpt>
      <trkpt lat="47.738370" lon="6.705360">
        <ele>709</ele>
        <time>2026-01-27T18:15:23+00:00</time>
      </trkpt>
      <trkpt lat="47.738410" lon="6.705330">
        <ele>712</ele>
        <time>2026-01-27T18:15:26+00:00</time>
      </trkpt>
      <trkpt lat="47.738460" lon="6.705330">
        <ele>712</ele>
        <time>2026-01-27T18:15:29+00:00</time>
      </trkpt>
      <trkpt lat="47.738590" lon="6.705290">
        <ele>714</ele>
        <time>2026-01-27T18:15:32+00:00</time>
      </trkpt>
      <trkpt lat="47.738640" lon="6.705260">
        <ele>718</ele>
        <time>2026-01-27T18:15:35+00:00</time>
      </trkpt>
      <trkpt lat="47.738700" lon="6.705240">
        <ele>721</ele>
        <time>2026-01-27T18:15:38+00:00</time>
      </trkpt>
      <trkpt lat="47.738750" lon="6.705240">
        <ele>721</ele>
        <time>2026-01-27T18:15:41+00:00</time>
      </trkpt>
      <trkpt lat="47.738790" lon="6.705260">
        <ele>721</ele>
        <time>2026-01-27T18:15:44+00:00</time>
      </trkpt>
      <trkpt lat="47.738880" lon="6.705250">
        <ele>724</ele>
        <time>2026-01-27T18:15:47+00:00</time>
      </trkpt>
      <trkpt lat="47.738980" lon="6.705250">
        <ele>726</ele>
        <time>2026-01-27T18:15:50+00:00</time>
      </trkpt>
      <trkpt lat="47.739130" lon="6.705210">
        <ele>732</ele>
        <time>2026-01-27T18:15:53+00:00</time>
      </trkpt>
      <trkpt lat="47.739230" lon="6.705160">
        <ele>734</ele>
        <time>2026-01-27T18:15:56+00:00</time>
      </trkpt>
      <trkpt lat="47.739290" lon="6.705070">
        <ele>734</ele>
        <time>2026-01-27T18:15:59+00:00</time>
      </trkpt>
      <trkpt lat="47.739370" lon="6.705040">
        <ele>737</ele>
        <time>2026-01-27T18:16:02+00:00</time>
      </trkpt>
      <trkpt lat="47.739480" lon="6.704950">
        <ele>739</ele>
        <time>2026-01-27T18:16:05+00:00</time>
      </trkpt>
      <trkpt lat="47.739510" lon="6.704860">
        <ele>740</ele>
        <time>2026-01-27T18:16:08+00:00</time>
      </trkpt>
      <trkpt lat="47.739530" lon="6.704710">
        <ele>739</ele>
        <time>2026-01-27T18:16:11+00:00</time>
      </trkpt>
      <trkpt lat="47.739610" lon="6.704440">
        <ele>740</ele>
        <time>2026-01-27T18:16:14+00:00</time>
      </trkpt>
      <trkpt lat="47.739690" lon="6.704290">
        <ele>740</ele>
        <time>2026-01-27T18:16:17+00:00</time>
      </trkpt>
      <trkpt lat="47.739750" lon="6.704210">
        <ele>741</ele>
        <time>2026-01-27T18:16:20+00:00</time>
      </trkpt>
      <trkpt lat="47.739820" lon="6.704160">
        <ele>742</ele>
        <time>2026-01-27T18:16:23+00:00</time>
      </trkpt>
      <trkpt lat="47.739880" lon="6.704130">
        <ele>742</ele>
        <time>2026-01-27T18:16:26+00:00</time>
      </trkpt>
      <trkpt lat="47.739940" lon="6.704080">
        <ele>743</ele>
        <time>2026-01-27T18:16:29+00:00</time>
      </trkpt>
      <trkpt lat="47.740120" lon="6.703880">
        <ele>746</ele>
        <time>2026-01-27T18:16:32+00:00</time>
      </trkpt>
      <trkpt lat="47.740180" lon="6.703750">
        <ele>746</ele>
        <time>2026-01-27T18:16:35+00:00</time>
      </trkpt>
      <trkpt lat="47.740190" lon="6.703700">
        <ele>746</ele>
        <time>2026-01-27T18:16:38+00:00</time>
      </trkpt>
      <trkpt lat="47.740290" lon="6.703520">
        <ele>747</ele>
        <time>2026-01-27T18:16:41+00:00</time>
      </trkpt>
      <trkpt lat="47.740320" lon="6.703440">
        <ele>747</ele>
        <time>2026-01-27T18:16:44+00:00</time>
      </trkpt>
      <trkpt lat="47.740340" lon="6.703330">
        <ele>748</ele>
        <time>2026-01-27T18:16:47+00:00</time>
      </trkpt>
      <trkpt lat="47.740380" lon="6.703180">
        <ele>750</ele>
        <time>2026-01-27T18:16:50+00:00</time>
      </trkpt>
      <trkpt lat="47.740400" lon="6.703130">
        <ele>750</ele>
        <time>2026-01-27T18:16:53+00:00</time>
      </trkpt>
      <trkpt lat="47.740420" lon="6.702960">
        <ele>751</ele>
        <time>2026-01-27T18:16:56+00:00</time>
      </trkpt>
      <trkpt lat="47.740440" lon="6.702940">
        <ele>751</ele>
        <time>2026-01-27T18:16:59+00:00</time>
      </trkpt>
      <trkpt lat="47.740500" lon="6.702790">
        <ele>752</ele>
        <time>2026-01-27T18:17:02+00:00</time>
      </trkpt>
      <trkpt lat="47.740510" lon="6.702720">
        <ele>752</ele>
        <time>2026-01-27T18:17:05+00:00</time>
      </trkpt>
      <trkpt lat="47.740530" lon="6.702670">
        <ele>753</ele>
        <time>2026-01-27T18:17:08+00:00</time>
      </trkpt>
      <trkpt lat="47.740580" lon="6.702430">
        <ele>754</ele>
        <time>2026-01-27T18:17:11+00:00</time>
      </trkpt>
      <trkpt lat="47.740660" lon="6.702340">
        <ele>755</ele>
        <time>2026-01-27T18:17:14+00:00</time>
      </trkpt>
      <trkpt lat="47.740720" lon="6.702310">
        <ele>756</ele>
        <time>2026-01-27T18:17:17+00:00</time>
      </trkpt>
      <trkpt lat="47.740780" lon="6.702250">
        <ele>756</ele>
        <time>2026-01-27T18:17:20+00:00</time>
      </trkpt>
      <trkpt lat="47.740910" lon="6.702030">
        <ele>757</ele>
        <time>2026-01-27T18:17:23+00:00</time>
      </trkpt>
      <trkpt lat="47.741040" lon="6.701740">
        <ele>760</ele>
        <time>2026-01-27T18:17:26+00:00</time>
      </trkpt>
      <trkpt lat="47.741080" lon="6.701620">
        <ele>760</ele>
        <time>2026-01-27T18:17:29+00:00</time>
      </trkpt>
      <trkpt lat="47.741100" lon="6.701500">
        <ele>759</ele>
        <time>2026-01-27T18:17:32+00:00</time>
      </trkpt>
      <trkpt lat="47.741110" lon="6.701300">
        <ele>760</ele>
        <time>2026-01-27T18:17:35+00:00</time>
      </trkpt>
      <trkpt lat="47.741100" lon="6.701220">
        <ele>761</ele>
        <time>2026-01-27T18:17:38+00:00</time>
      </trkpt>
      <trkpt lat="47.741110" lon="6.701120">
        <ele>762</ele>
        <time>2026-01-27T18:17:41+00:00</time>
      </trkpt>
      <trkpt lat="47.741150" lon="6.700910">
        <ele>765</ele>
        <time>2026-01-27T18:17:44+00:00</time>
      </trkpt>
      <trkpt lat="47.741160" lon="6.700740">
        <ele>766</ele>
        <time>2026-01-27T18:17:47+00:00</time>
      </trkpt>
      <trkpt lat="47.741150" lon="6.700620">
        <ele>766</ele>
        <time>2026-01-27T18:17:50+00:00</time>
      </trkpt>
      <trkpt lat="47.741160" lon="6.700500">
        <ele>766</ele>
        <time>2026-01-27T18:17:53+00:00</time>
      </trkpt>
      <trkpt lat="47.741190" lon="6.700390">
        <ele>766</ele>
        <time>2026-01-27T18:17:56+00:00</time>
      </trkpt>
      <trkpt lat="47.741310" lon="6.700220">
        <ele>768</ele>
        <time>2026-01-27T18:17:59+00:00</time>
      </trkpt>
      <trkpt lat="47.741470" lon="6.700170">
        <ele>771</ele>
        <time>2026-01-27T18:18:02+00:00</time>
      </trkpt>
      <trkpt lat="47.741540" lon="6.700160">
        <ele>771</ele>
        <time>2026-01-27T18:18:05+00:00</time>
      </trkpt>
      <trkpt lat="47.741630" lon="6.700130">
        <ele>772</ele>
        <time>2026-01-27T18:18:08+00:00</time>
      </trkpt>
      <trkpt lat="47.741670" lon="6.700100">
        <ele>772</ele>
        <time>2026-01-27T18:18:11+00:00</time>
      </trkpt>
      <trkpt lat="47.741850" lon="6.699800">
        <ele>774</ele>
        <time>2026-01-27T18:18:14+00:00</time>
      </trkpt>
      <trkpt lat="47.741970" lon="6.699630">
        <ele>775</ele>
        <time>2026-01-27T18:18:17+00:00</time>
      </trkpt>
      <trkpt lat="47.742080" lon="6.699450">
        <ele>774</ele>
        <time>2026-01-27T18:18:20+00:00</time>
      </trkpt>
      <trkpt lat="47.742150" lon="6.699360">
        <ele>772</ele>
        <time>2026-01-27T18:18:23+00:00</time>
      </trkpt>
      <trkpt lat="47.742190" lon="6.699320">
        <ele>772</ele>
        <time>2026-01-27T18:18:26+00:00</time>
      </trkpt>
      <trkpt lat="47.742290" lon="6.699130">
        <ele>773</ele>
        <time>2026-01-27T18:18:29+00:00</time>
      </trkpt>
      <trkpt lat="47.742330" lon="6.699040">
        <ele>770</ele>
        <time>2026-01-27T18:18:32+00:00</time>
      </trkpt>
      <trkpt lat="47.742390" lon="6.698990">
        <ele>771</ele>
        <time>2026-01-27T18:18:35+00:00</time>
      </trkpt>
      <trkpt lat="47.742480" lon="6.698860">
        <ele>769</ele>
        <time>2026-01-27T18:18:38+00:00</time>
      </trkpt>
      <trkpt lat="47.742500" lon="6.698820">
        <ele>767</ele>
        <time>2026-01-27T18:18:41+00:00</time>
      </trkpt>
      <trkpt lat="47.742600" lon="6.698670">
        <ele>764</ele>
        <time>2026-01-27T18:18:44+00:00</time>
      </trkpt>
      <trkpt lat="47.742670" lon="6.698510">
        <ele>766</ele>
        <time>2026-01-27T18:18:47+00:00</time>
      </trkpt>
      <trkpt lat="47.742820" lon="6.698070">
        <ele>765</ele>
        <time>2026-01-27T18:18:50+00:00</time>
      </trkpt>
      <trkpt lat="47.742910" lon="6.697830">
        <ele>764</ele>
        <time>2026-01-27T18:18:53+00:00</time>
      </trkpt>
      <trkpt lat="47.743030" lon="6.697550">
        <ele>764</ele>
        <time>2026-01-27T18:18:56+00:00</time>
      </trkpt>
      <trkpt lat="47.743070" lon="6.697520">
        <ele>764</ele>
        <time>2026-01-27T18:18:59+00:00</time>
      </trkpt>
      <trkpt lat="47.743120" lon="6.697470">
        <ele>765</ele>
        <time>2026-01-27T18:19:02+00:00</time>
      </trkpt>
      <trkpt lat="47.743220" lon="6.697460">
        <ele>764</ele>
        <time>2026-01-27T18:19:05+00:00</time>
      </trkpt>
      <trkpt lat="47.743370" lon="6.697570">
        <ele>764</ele>
        <time>2026-01-27T18:19:08+00:00</time>
      </trkpt>
      <trkpt lat="47.743490" lon="6.697640">
        <ele>764</ele>
        <time>2026-01-27T18:19:11+00:00</time>
      </trkpt>
      <trkpt lat="47.743700" lon="6.697860">
        <ele>765</ele>
        <time>2026-01-27T18:19:14+00:00</time>
      </trkpt>
      <trkpt lat="47.743910" lon="6.698030">
        <ele>766</ele>
        <time>2026-01-27T18:19:17+00:00</time>
      </trkpt>
      <trkpt lat="47.744150" lon="6.698220">
        <ele>768</ele>
        <time>2026-01-27T18:19:20+00:00</time>
      </trkpt>
      <trkpt lat="47.744320" lon="6.698260">
        <ele>771</ele>
        <time>2026-01-27T18:19:23+00:00</time>
      </trkpt>
      <trkpt lat="47.744460" lon="6.698280">
        <ele>772</ele>
        <time>2026-01-27T18:19:26+00:00</time>
      </trkpt>
      <trkpt lat="47.744550" lon="6.698260">
        <ele>773</ele>
        <time>2026-01-27T18:19:29+00:00</time>
      </trkpt>
      <trkpt lat="47.744670" lon="6.698220">
        <ele>773</ele>
        <time>2026-01-27T18:19:32+00:00</time>
      </trkpt>
      <trkpt lat="47.744750" lon="6.698180">
        <ele>774</ele>
        <time>2026-01-27T18:19:35+00:00</time>
      </trkpt>
      <trkpt lat="47.744910" lon="6.698010">
        <ele>776</ele>
        <time>2026-01-27T18:19:38+00:00</time>
      </trkpt>
      <trkpt lat="47.744930" lon="6.697970">
        <ele>777</ele>
        <time>2026-01-27T18:19:41+00:00</time>
      </trkpt>
      <trkpt lat="47.745180" lon="6.697640">
        <ele>780</ele>
        <time>2026-01-27T18:19:44+00:00</time>
      </trkpt>
      <trkpt lat="47.745420" lon="6.697310">
        <ele>783</ele>
        <time>2026-01-27T18:19:47+00:00</time>
      </trkpt>
      <trkpt lat="47.745430" lon="6.697280">
        <ele>784</ele>
        <time>2026-01-27T18:19:50+00:00</time>
      </trkpt>
      <trkpt lat="47.745460" lon="6.697260">
        <ele>784</ele>
        <time>2026-01-27T18:19:53+00:00</time>
      </trkpt>
      <trkpt lat="47.745520" lon="6.697190">
        <ele>785</ele>
        <time>2026-01-27T18:19:56+00:00</time>
      </trkpt>
      <trkpt lat="47.745540" lon="6.697180">
        <ele>785</ele>
        <time>2026-01-27T18:19:59+00:00</time>
      </trkpt>
      <trkpt lat="47.745690" lon="6.697030">
        <ele>787</ele>
        <time>2026-01-27T18:20:02+00:00</time>
      </trkpt>
      <trkpt lat="47.745770" lon="6.696940">
        <ele>788</ele>
        <time>2026-01-27T18:20:05+00:00</time>
      </trkpt>
      <trkpt lat="47.745830" lon="6.696920">
        <ele>787</ele>
        <time>2026-01-27T18:20:08+00:00</time>
      </trkpt>
      <trkpt lat="47.745950" lon="6.696830">
        <ele>789</ele>
        <time>2026-01-27T18:20:11+00:00</time>
      </trkpt>
      <trkpt lat="47.745970" lon="6.696800">
        <ele>789</ele>
        <time>2026-01-27T18:20:14+00:00</time>
      </trkpt>
      <trkpt lat="47.746050" lon="6.696730">
        <ele>790</ele>
        <time>2026-01-27T18:20:17+00:00</time>
      </trkpt>
      <trkpt lat="47.746220" lon="6.696630">
        <ele>792</ele>
        <time>2026-01-27T18:20:20+00:00</time>
      </trkpt>
      <trkpt lat="47.746520" lon="6.696530">
        <ele>795</ele>
        <time>2026-01-27T18:20:23+00:00</time>
      </trkpt>
      <trkpt lat="47.746730" lon="6.696450">
        <ele>796</ele>
        <time>2026-01-27T18:20:26+00:00</time>
      </trkpt>
      <trkpt lat="47.746950" lon="6.696380">
        <ele>798</ele>
        <time>2026-01-27T18:20:29+00:00</time>
      </trkpt>
      <trkpt lat="47.747310" lon="6.696150">
        <ele>801</ele>
        <time>2026-01-27T18:20:32+00:00</time>
      </trkpt>
      <trkpt lat="47.747340" lon="6.696110">
        <ele>801</ele>
        <time>2026-01-27T18:20:35+00:00</time>
      </trkpt>
      <trkpt lat="47.747470" lon="6.696040">
        <ele>802</ele>
        <time>2026-01-27T18:20:38+00:00</time>
      </trkpt>
      <trkpt lat="47.747540" lon="6.696040">
        <ele>802</ele>
        <time>2026-01-27T18:20:41+00:00</time>
      </trkpt>
      <trkpt lat="47.747740" lon="6.696130">
        <ele>804</ele>
        <time>2026-01-27T18:20:44+00:00</time>
      </trkpt>
      <trkpt lat="47.747920" lon="6.696200">
        <ele>807</ele>
        <time>2026-01-27T18:20:47+00:00</time>
      </trkpt>
      <trkpt lat="47.748040" lon="6.696310">
        <ele>806</ele>
        <time>2026-01-27T18:20:50+00:00</time>
      </trkpt>
      <trkpt lat="47.748130" lon="6.696360">
        <ele>807</ele>
        <time>2026-01-27T18:20:53+00:00</time>
      </trkpt>
      <trkpt lat="47.748270" lon="6.696480">
        <ele>808</ele>
        <time>2026-01-27T18:20:56+00:00</time>
      </trkpt>
      <trkpt lat="47.748470" lon="6.696590">
        <ele>809</ele>
        <time>2026-01-27T18:20:59+00:00</time>
      </trkpt>
      <trkpt lat="47.748750" lon="6.696610">
        <ele>809</ele>
        <time>2026-01-27T18:21:02+00:00</time>
      </trkpt>
      <trkpt lat="47.748780" lon="6.696650">
        <ele>812</ele>
        <time>2026-01-27T18:21:05+00:00</time>
      </trkpt>
      <trkpt lat="47.748790" lon="6.696690">
        <ele>812</ele>
        <time>2026-01-27T18:21:08+00:00</time>
      </trkpt>
      <trkpt lat="47.748770" lon="6.696790">
        <ele>811</ele>
        <time>2026-01-27T18:21:11+00:00</time>
      </trkpt>
      <trkpt lat="47.748670" lon="6.697050">
        <ele>809</ele>
        <time>2026-01-27T18:21:14+00:00</time>
      </trkpt>
      <trkpt lat="47.748630" lon="6.697250">
        <ele>808</ele>
        <time>2026-01-27T18:21:17+00:00</time>
      </trkpt>
      <trkpt lat="47.748630" lon="6.697330">
        <ele>808</ele>
        <time>2026-01-27T18:21:20+00:00</time>
      </trkpt>
      <trkpt lat="47.748620" lon="6.697420">
        <ele>808</ele>
        <time>2026-01-27T18:21:23+00:00</time>
      </trkpt>
      <trkpt lat="47.748620" lon="6.697750">
        <ele>808</ele>
        <time>2026-01-27T18:21:26+00:00</time>
      </trkpt>
      <trkpt lat="47.748640" lon="6.697900">
        <ele>809</ele>
        <time>2026-01-27T18:21:29+00:00</time>
      </trkpt>
      <trkpt lat="47.748640" lon="6.698010">
        <ele>809</ele>
        <time>2026-01-27T18:21:32+00:00</time>
      </trkpt>
      <trkpt lat="47.748650" lon="6.698210">
        <ele>811</ele>
        <time>2026-01-27T18:21:35+00:00</time>
      </trkpt>
      <trkpt lat="47.748690" lon="6.698450">
        <ele>813</ele>
        <time>2026-01-27T18:21:38+00:00</time>
      </trkpt>
      <trkpt lat="47.748730" lon="6.698560">
        <ele>811</ele>
        <time>2026-01-27T18:21:41+00:00</time>
      </trkpt>
      <trkpt lat="47.748780" lon="6.698910">
        <ele>811</ele>
        <time>2026-01-27T18:21:44+00:00</time>
      </trkpt>
      <trkpt lat="47.748870" lon="6.699270">
        <ele>811</ele>
        <time>2026-01-27T18:21:47+00:00</time>
      </trkpt>
      <trkpt lat="47.748980" lon="6.699730">
        <ele>809</ele>
        <time>2026-01-27T18:21:50+00:00</time>
      </trkpt>
      <trkpt lat="47.749020" lon="6.699850">
        <ele>809</ele>
        <time>2026-01-27T18:21:53+00:00</time>
      </trkpt>
      <trkpt lat="47.749010" lon="6.699890">
        <ele>809</ele>
        <time>2026-01-27T18:21:56+00:00</time>
      </trkpt>
      <trkpt lat="47.749040" lon="6.700060">
        <ele>809</ele>
        <time>2026-01-27T18:21:59+00:00</time>
      </trkpt>
      <trkpt lat="47.749090" lon="6.700240">
        <ele>808</ele>
        <time>2026-01-27T18:22:02+00:00</time>
      </trkpt>
      <trkpt lat="47.749140" lon="6.700260">
        <ele>808</ele>
        <time>2026-01-27T18:22:05+00:00</time>
      </trkpt>
      <trkpt lat="47.749160" lon="6.700260">
        <ele>808</ele>
        <time>2026-01-27T18:22:08+00:00</time>
      </trkpt>
      <trkpt lat="47.749150" lon="6.700300">
        <ele>807</ele>
        <time>2026-01-27T18:22:11+00:00</time>
      </trkpt>
      <trkpt lat="47.749130" lon="6.700320">
        <ele>807</ele>
        <time>2026-01-27T18:22:14+00:00</time>
      </trkpt>
      <trkpt lat="47.749130" lon="6.700390">
        <ele>807</ele>
        <time>2026-01-27T18:22:17+00:00</time>
      </trkpt>
      <trkpt lat="47.749120" lon="6.700420">
        <ele>806</ele>
        <time>2026-01-27T18:22:20+00:00</time>
      </trkpt>
      <trkpt lat="47.749080" lon="6.700450">
        <ele>806</ele>
        <time>2026-01-27T18:22:23+00:00</time>
      </trkpt>
      <trkpt lat="47.749050" lon="6.700520">
        <ele>806</ele>
        <time>2026-01-27T18:22:26+00:00</time>
      </trkpt>
      <trkpt lat="47.749040" lon="6.700600">
        <ele>804</ele>
        <time>2026-01-27T18:22:29+00:00</time>
      </trkpt>
      <trkpt lat="47.749070" lon="6.700680">
        <ele>804</ele>
        <time>2026-01-27T18:22:32+00:00</time>
      </trkpt>
      <trkpt lat="47.749040" lon="6.700810">
        <ele>802</ele>
        <time>2026-01-27T18:22:35+00:00</time>
      </trkpt>
      <trkpt lat="47.749030" lon="6.700820">
        <ele>802</ele>
        <time>2026-01-27T18:22:38+00:00</time>
      </trkpt>
      <trkpt lat="47.749010" lon="6.700820">
        <ele>802</ele>
        <time>2026-01-27T18:22:41+00:00</time>
      </trkpt>
      <trkpt lat="47.748980" lon="6.700860">
        <ele>801</ele>
        <time>2026-01-27T18:22:44+00:00</time>
      </trkpt>
      <trkpt lat="47.748970" lon="6.700880">
        <ele>801</ele>
        <time>2026-01-27T18:22:47+00:00</time>
      </trkpt>
      <trkpt lat="47.748970" lon="6.700910">
        <ele>800</ele>
        <time>2026-01-27T18:22:50+00:00</time>
      </trkpt>
      <trkpt lat="47.748950" lon="6.700940">
        <ele>800</ele>
        <time>2026-01-27T18:22:53+00:00</time>
      </trkpt>
      <trkpt lat="47.748950" lon="6.700970">
        <ele>800</ele>
        <time>2026-01-27T18:22:56+00:00</time>
      </trkpt>
      <trkpt lat="47.748920" lon="6.701050">
        <ele>799</ele>
        <time>2026-01-27T18:22:59+00:00</time>
      </trkpt>
      <trkpt lat="47.748920" lon="6.701190">
        <ele>798</ele>
        <time>2026-01-27T18:23:02+00:00</time>
      </trkpt>
      <trkpt lat="47.748930" lon="6.701250">
        <ele>797</ele>
        <time>2026-01-27T18:23:05+00:00</time>
      </trkpt>
      <trkpt lat="47.748940" lon="6.701270">
        <ele>797</ele>
        <time>2026-01-27T18:23:08+00:00</time>
      </trkpt>
      <trkpt lat="47.748940" lon="6.701320">
        <ele>795</ele>
        <time>2026-01-27T18:23:11+00:00</time>
      </trkpt>
      <trkpt lat="47.749010" lon="6.701380">
        <ele>796</ele>
        <time>2026-01-27T18:23:14+00:00</time>
      </trkpt>
      <trkpt lat="47.749050" lon="6.701390">
        <ele>796</ele>
        <time>2026-01-27T18:23:17+00:00</time>
      </trkpt>
      <trkpt lat="47.749080" lon="6.701440">
        <ele>795</ele>
        <time>2026-01-27T18:23:20+00:00</time>
      </trkpt>
      <trkpt lat="47.749100" lon="6.701430">
        <ele>795</ele>
        <time>2026-01-27T18:23:23+00:00</time>
      </trkpt>
      <trkpt lat="47.749110" lon="6.701480">
        <ele>795</ele>
        <time>2026-01-27T18:23:26+00:00</time>
      </trkpt>
      <trkpt lat="47.749200" lon="6.701480">
        <ele>796</ele>
        <time>2026-01-27T18:23:29+00:00</time>
      </trkpt>
      <trkpt lat="47.749220" lon="6.701490">
        <ele>796</ele>
        <time>2026-01-27T18:23:32+00:00</time>
      </trkpt>
      <trkpt lat="47.749190" lon="6.701550">
        <ele>795</ele>
        <time>2026-01-27T18:23:35+00:00</time>
      </trkpt>
      <trkpt lat="47.749210" lon="6.701580">
        <ele>794</ele>
        <time>2026-01-27T18:23:38+00:00</time>
      </trkpt>
      <trkpt lat="47.749250" lon="6.701530">
        <ele>794</ele>
        <time>2026-01-27T18:23:41+00:00</time>
      </trkpt>
      <trkpt lat="47.749390" lon="6.701450">
        <ele>792</ele>
        <time>2026-01-27T18:23:44+00:00</time>
      </trkpt>
      <trkpt lat="47.749400" lon="6.701490">
        <ele>796</ele>
        <time>2026-01-27T18:23:47+00:00</time>
      </trkpt>
      <trkpt lat="47.749450" lon="6.701910">
        <ele>789</ele>
        <time>2026-01-27T18:23:50+00:00</time>
      </trkpt>
      <trkpt lat="47.749450" lon="6.702010">
        <ele>787</ele>
        <time>2026-01-27T18:23:53+00:00</time>
      </trkpt>
      <trkpt lat="47.749530" lon="6.702070">
        <ele>787</ele>
        <time>2026-01-27T18:23:56+00:00</time>
      </trkpt>
      <trkpt lat="47.749610" lon="6.702060">
        <ele>787</ele>
        <time>2026-01-27T18:23:59+00:00</time>
      </trkpt>
      <trkpt lat="47.749610" lon="6.702110">
        <ele>784</ele>
        <time>2026-01-27T18:24:02+00:00</time>
      </trkpt>
      <trkpt lat="47.749620" lon="6.702090">
        <ele>787</ele>
        <time>2026-01-27T18:24:05+00:00</time>
      </trkpt>
      <trkpt lat="47.749630" lon="6.702150">
        <ele>784</ele>
        <time>2026-01-27T18:24:08+00:00</time>
      </trkpt>
      <trkpt lat="47.749620" lon="6.702210">
        <ele>783</ele>
        <time>2026-01-27T18:24:11+00:00</time>
      </trkpt>
      <trkpt lat="47.749650" lon="6.702270">
        <ele>783</ele>
        <time>2026-01-27T18:24:14+00:00</time>
      </trkpt>
      <trkpt lat="47.749670" lon="6.702350">
        <ele>781</ele>
        <time>2026-01-27T18:24:17+00:00</time>
      </trkpt>
      <trkpt lat="47.749710" lon="6.702450">
        <ele>778</ele>
        <time>2026-01-27T18:24:20+00:00</time>
      </trkpt>
      <trkpt lat="47.749740" lon="6.702520">
        <ele>777</ele>
        <time>2026-01-27T18:24:23+00:00</time>
      </trkpt>
      <trkpt lat="47.749780" lon="6.702560">
        <ele>777</ele>
        <time>2026-01-27T18:24:26+00:00</time>
      </trkpt>
      <trkpt lat="47.749800" lon="6.702610">
        <ele>774</ele>
        <time>2026-01-27T18:24:29+00:00</time>
      </trkpt>
      <trkpt lat="47.749840" lon="6.702660">
        <ele>775</ele>
        <time>2026-01-27T18:24:32+00:00</time>
      </trkpt>
      <trkpt lat="47.749900" lon="6.702800">
        <ele>772</ele>
        <time>2026-01-27T18:24:35+00:00</time>
      </trkpt>
      <trkpt lat="47.749950" lon="6.702870">
        <ele>771</ele>
        <time>2026-01-27T18:24:38+00:00</time>
      </trkpt>
      <trkpt lat="47.749950" lon="6.702900">
        <ele>770</ele>
        <time>2026-01-27T18:24:41+00:00</time>
      </trkpt>
      <trkpt lat="47.750060" lon="6.703090">
        <ele>767</ele>
        <time>2026-01-27T18:24:44+00:00</time>
      </trkpt>
      <trkpt lat="47.750130" lon="6.703190">
        <ele>766</ele>
        <time>2026-01-27T18:24:47+00:00</time>
      </trkpt>
      <trkpt lat="47.750140" lon="6.703220">
        <ele>765</ele>
        <time>2026-01-27T18:24:50+00:00</time>
      </trkpt>
      <trkpt lat="47.750140" lon="6.703240">
        <ele>765</ele>
        <time>2026-01-27T18:24:53+00:00</time>
      </trkpt>
      <trkpt lat="47.750170" lon="6.703300">
        <ele>762</ele>
        <time>2026-01-27T18:24:56+00:00</time>
      </trkpt>
      <trkpt lat="47.750180" lon="6.703350">
        <ele>762</ele>
        <time>2026-01-27T18:24:59+00:00</time>
      </trkpt>
      <trkpt lat="47.750230" lon="6.703520">
        <ele>760</ele>
        <time>2026-01-27T18:25:02+00:00</time>
      </trkpt>
      <trkpt lat="47.750280" lon="6.703670">
        <ele>758</ele>
        <time>2026-01-27T18:25:05+00:00</time>
      </trkpt>
      <trkpt lat="47.750360" lon="6.703760">
        <ele>758</ele>
        <time>2026-01-27T18:25:08+00:00</time>
      </trkpt>
      <trkpt lat="47.750370" lon="6.703790">
        <ele>758</ele>
        <time>2026-01-27T18:25:11+00:00</time>
      </trkpt>
      <trkpt lat="47.750410" lon="6.703840">
        <ele>756</ele>
        <time>2026-01-27T18:25:14+00:00</time>
      </trkpt>
      <trkpt lat="47.750430" lon="6.703900">
        <ele>754</ele>
        <time>2026-01-27T18:25:17+00:00</time>
      </trkpt>
      <trkpt lat="47.750540" lon="6.704120">
        <ele>750</ele>
        <time>2026-01-27T18:25:20+00:00</time>
      </trkpt>
      <trkpt lat="47.750570" lon="6.704220">
        <ele>748</ele>
        <time>2026-01-27T18:25:23+00:00</time>
      </trkpt>
      <trkpt lat="47.750640" lon="6.704340">
        <ele>746</ele>
        <time>2026-01-27T18:25:26+00:00</time>
      </trkpt>
      <trkpt lat="47.750680" lon="6.704390">
        <ele>746</ele>
        <time>2026-01-27T18:25:29+00:00</time>
      </trkpt>
      <trkpt lat="47.750760" lon="6.704460">
        <ele>745</ele>
        <time>2026-01-27T18:25:32+00:00</time>
      </trkpt>
      <trkpt lat="47.750820" lon="6.704580">
        <ele>740</ele>
        <time>2026-01-27T18:25:35+00:00</time>
      </trkpt>
      <trkpt lat="47.750840" lon="6.704650">
        <ele>739</ele>
        <time>2026-01-27T18:25:38+00:00</time>
      </trkpt>
      <trkpt lat="47.750890" lon="6.704690">
        <ele>739</ele>
        <time>2026-01-27T18:25:41+00:00</time>
      </trkpt>
      <trkpt lat="47.750920" lon="6.704760">
        <ele>737</ele>
        <time>2026-01-27T18:25:44+00:00</time>
      </trkpt>
      <trkpt lat="47.751030" lon="6.704910">
        <ele>734</ele>
        <time>2026-01-27T18:25:47+00:00</time>
      </trkpt>
      <trkpt lat="47.751140" lon="6.705060">
        <ele>732</ele>
        <time>2026-01-27T18:25:50+00:00</time>
      </trkpt>
      <trkpt lat="47.751240" lon="6.705240">
        <ele>727</ele>
        <time>2026-01-27T18:25:53+00:00</time>
      </trkpt>
      <trkpt lat="47.751330" lon="6.705370">
        <ele>725</ele>
        <time>2026-01-27T18:25:56+00:00</time>
      </trkpt>
      <trkpt lat="47.751390" lon="6.705410">
        <ele>723</ele>
        <time>2026-01-27T18:25:59+00:00</time>
      </trkpt>
      <trkpt lat="47.751430" lon="6.705470">
        <ele>723</ele>
        <time>2026-01-27T18:26:02+00:00</time>
      </trkpt>
      <trkpt lat="47.751480" lon="6.705630">
        <ele>720</ele>
        <time>2026-01-27T18:26:05+00:00</time>
      </trkpt>
      <trkpt lat="47.751530" lon="6.705730">
        <ele>718</ele>
        <time>2026-01-27T18:26:08+00:00</time>
      </trkpt>
      <trkpt lat="47.751590" lon="6.705880">
        <ele>716</ele>
        <time>2026-01-27T18:26:11+00:00</time>
      </trkpt>
      <trkpt lat="47.751610" lon="6.705900">
        <ele>714</ele>
        <time>2026-01-27T18:26:14+00:00</time>
      </trkpt>
      <trkpt lat="47.751650" lon="6.706010">
        <ele>712</ele>
        <time>2026-01-27T18:26:17+00:00</time>
      </trkpt>
      <trkpt lat="47.751660" lon="6.706130">
        <ele>710</ele>
        <time>2026-01-27T18:26:20+00:00</time>
      </trkpt>
      <trkpt lat="47.751670" lon="6.706160">
        <ele>710</ele>
        <time>2026-01-27T18:26:23+00:00</time>
      </trkpt>
      <trkpt lat="47.751740" lon="6.706280">
        <ele>710</ele>
        <time>2026-01-27T18:26:26+00:00</time>
      </trkpt>
      <trkpt lat="47.751780" lon="6.706420">
        <ele>708</ele>
        <time>2026-01-27T18:26:29+00:00</time>
      </trkpt>
      <trkpt lat="47.751870" lon="6.706820">
        <ele>706</ele>
        <time>2026-01-27T18:26:32+00:00</time>
      </trkpt>
      <trkpt lat="47.751910" lon="6.706880">
        <ele>708</ele>
        <time>2026-01-27T18:26:35+00:00</time>
      </trkpt>
      <trkpt lat="47.751950" lon="6.707000">
        <ele>707</ele>
        <time>2026-01-27T18:26:38+00:00</time>
      </trkpt>
      <trkpt lat="47.751990" lon="6.707200">
        <ele>706</ele>
        <time>2026-01-27T18:26:41+00:00</time>
      </trkpt>
      <trkpt lat="47.752000" lon="6.707300">
        <ele>708</ele>
        <time>2026-01-27T18:26:44+00:00</time>
      </trkpt>
      <trkpt lat="47.751990" lon="6.707340">
        <ele>705</ele>
        <time>2026-01-27T18:26:47+00:00</time>
      </trkpt>
      <trkpt lat="47.752050" lon="6.707670">
        <ele>706</ele>
        <time>2026-01-27T18:26:50+00:00</time>
      </trkpt>
      <trkpt lat="47.752070" lon="6.707740">
        <ele>705</ele>
        <time>2026-01-27T18:26:53+00:00</time>
      </trkpt>
      <trkpt lat="47.752140" lon="6.707910">
        <ele>704</ele>
        <time>2026-01-27T18:26:56+00:00</time>
      </trkpt>
      <trkpt lat="47.752160" lon="6.707990">
        <ele>704</ele>
        <time>2026-01-27T18:26:59+00:00</time>
      </trkpt>
      <trkpt lat="47.752160" lon="6.708080">
        <ele>703</ele>
        <time>2026-01-27T18:27:02+00:00</time>
      </trkpt>
      <trkpt lat="47.752190" lon="6.708310">
        <ele>700</ele>
        <time>2026-01-27T18:27:05+00:00</time>
      </trkpt>
      <trkpt lat="47.752190" lon="6.708400">
        <ele>698</ele>
        <time>2026-01-27T18:27:08+00:00</time>
      </trkpt>
      <trkpt lat="47.752200" lon="6.708490">
        <ele>702</ele>
        <time>2026-01-27T18:27:11+00:00</time>
      </trkpt>
      <trkpt lat="47.752240" lon="6.708730">
        <ele>700</ele>
        <time>2026-01-27T18:27:14+00:00</time>
      </trkpt>
      <trkpt lat="47.752290" lon="6.708980">
        <ele>700</ele>
        <time>2026-01-27T18:27:17+00:00</time>
      </trkpt>
      <trkpt lat="47.752350" lon="6.709450">
        <ele>701</ele>
        <time>2026-01-27T18:27:20+00:00</time>
      </trkpt>
      <trkpt lat="47.752450" lon="6.709720">
        <ele>702</ele>
        <time>2026-01-27T18:27:23+00:00</time>
      </trkpt>
      <trkpt lat="47.752450" lon="6.709890">
        <ele>702</ele>
        <time>2026-01-27T18:27:26+00:00</time>
      </trkpt>
      <trkpt lat="47.752480" lon="6.710160">
        <ele>702</ele>
        <time>2026-01-27T18:27:29+00:00</time>
      </trkpt>
      <trkpt lat="47.752540" lon="6.710380">
        <ele>703</ele>
        <time>2026-01-27T18:27:32+00:00</time>
      </trkpt>
      <trkpt lat="47.752610" lon="6.710730">
        <ele>703</ele>
        <time>2026-01-27T18:27:35+00:00</time>
      </trkpt>
      <trkpt lat="47.752610" lon="6.710840">
        <ele>703</ele>
        <time>2026-01-27T18:27:38+00:00</time>
      </trkpt>
      <trkpt lat="47.752670" lon="6.711340">
        <ele>703</ele>
        <time>2026-01-27T18:27:41+00:00</time>
      </trkpt>
      <trkpt lat="47.752680" lon="6.711350">
        <ele>703</ele>
        <time>2026-01-27T18:27:44+00:00</time>
      </trkpt>
      <trkpt lat="47.752690" lon="6.711440">
        <ele>703</ele>
        <time>2026-01-27T18:27:47+00:00</time>
      </trkpt>
      <trkpt lat="47.752760" lon="6.711640">
        <ele>700</ele>
        <time>2026-01-27T18:27:50+00:00</time>
      </trkpt>
      <trkpt lat="47.752780" lon="6.711720">
        <ele>700</ele>
        <time>2026-01-27T18:27:53+00:00</time>
      </trkpt>
      <trkpt lat="47.752870" lon="6.711940">
        <ele>695</ele>
        <time>2026-01-27T18:27:56+00:00</time>
      </trkpt>
      <trkpt lat="47.752870" lon="6.711960">
        <ele>695</ele>
        <time>2026-01-27T18:27:59+00:00</time>
      </trkpt>
      <trkpt lat="47.752940" lon="6.712040">
        <ele>689</ele>
        <time>2026-01-27T18:28:02+00:00</time>
      </trkpt>
      <trkpt lat="47.753020" lon="6.712160">
        <ele>685</ele>
        <time>2026-01-27T18:28:05+00:00</time>
      </trkpt>
      <trkpt lat="47.753120" lon="6.712240">
        <ele>683</ele>
        <time>2026-01-27T18:28:08+00:00</time>
      </trkpt>
      <trkpt lat="47.753150" lon="6.712300">
        <ele>683</ele>
        <time>2026-01-27T18:28:11+00:00</time>
      </trkpt>
      <trkpt lat="47.753190" lon="6.712350">
        <ele>683</ele>
        <time>2026-01-27T18:28:14+00:00</time>
      </trkpt>
      <trkpt lat="47.753220" lon="6.712410">
        <ele>680</ele>
        <time>2026-01-27T18:28:17+00:00</time>
      </trkpt>
      <trkpt lat="47.753270" lon="6.712460">
        <ele>680</ele>
        <time>2026-01-27T18:28:20+00:00</time>
      </trkpt>
      <trkpt lat="47.753430" lon="6.712810">
        <ele>677</ele>
        <time>2026-01-27T18:28:23+00:00</time>
      </trkpt>
      <trkpt lat="47.753600" lon="6.713040">
        <ele>677</ele>
        <time>2026-01-27T18:28:26+00:00</time>
      </trkpt>
      <trkpt lat="47.753660" lon="6.713090">
        <ele>677</ele>
        <time>2026-01-27T18:28:29+00:00</time>
      </trkpt>
      <trkpt lat="47.753880" lon="6.713450">
        <ele>678</ele>
        <time>2026-01-27T18:28:32+00:00</time>
      </trkpt>
      <trkpt lat="47.753910" lon="6.713520">
        <ele>678</ele>
        <time>2026-01-27T18:28:35+00:00</time>
      </trkpt>
      <trkpt lat="47.753980" lon="6.713620">
        <ele>678</ele>
        <time>2026-01-27T18:28:38+00:00</time>
      </trkpt>
      <trkpt lat="47.754110" lon="6.713730">
        <ele>678</ele>
        <time>2026-01-27T18:28:41+00:00</time>
      </trkpt>
      <trkpt lat="47.754180" lon="6.713830">
        <ele>678</ele>
        <time>2026-01-27T18:28:44+00:00</time>
      </trkpt>
      <trkpt lat="47.754220" lon="6.713850">
        <ele>677</ele>
        <time>2026-01-27T18:28:47+00:00</time>
      </trkpt>
      <trkpt lat="47.754320" lon="6.714000">
        <ele>674</ele>
        <time>2026-01-27T18:28:50+00:00</time>
      </trkpt>
      <trkpt lat="47.754350" lon="6.714010">
        <ele>674</ele>
        <time>2026-01-27T18:28:53+00:00</time>
      </trkpt>
      <trkpt lat="47.754430" lon="6.714090">
        <ele>673</ele>
        <time>2026-01-27T18:28:56+00:00</time>
      </trkpt>
      <trkpt lat="47.754480" lon="6.714130">
        <ele>672</ele>
        <time>2026-01-27T18:28:59+00:00</time>
      </trkpt>
      <trkpt lat="47.754530" lon="6.714150">
        <ele>671</ele>
        <time>2026-01-27T18:29:02+00:00</time>
      </trkpt>
      <trkpt lat="47.754580" lon="6.714200">
        <ele>670</ele>
        <time>2026-01-27T18:29:05+00:00</time>
      </trkpt>
      <trkpt lat="47.754720" lon="6.714300">
        <ele>665</ele>
        <time>2026-01-27T18:29:08+00:00</time>
      </trkpt>
      <trkpt lat="47.754970" lon="6.714420">
        <ele>662</ele>
        <time>2026-01-27T18:29:11+00:00</time>
      </trkpt>
      <trkpt lat="47.755020" lon="6.714430">
        <ele>658</ele>
        <time>2026-01-27T18:29:14+00:00</time>
      </trkpt>
      <trkpt lat="47.755070" lon="6.714430">
        <ele>658</ele>
        <time>2026-01-27T18:29:17+00:00</time>
      </trkpt>
      <trkpt lat="47.755100" lon="6.714410">
        <ele>656</ele>
        <time>2026-01-27T18:29:20+00:00</time>
      </trkpt>
      <trkpt lat="47.755140" lon="6.714410">
        <ele>656</ele>
        <time>2026-01-27T18:29:23+00:00</time>
      </trkpt>
      <trkpt lat="47.755180" lon="6.714390">
        <ele>657</ele>
        <time>2026-01-27T18:29:26+00:00</time>
      </trkpt>
      <trkpt lat="47.755230" lon="6.714380">
        <ele>654</ele>
        <time>2026-01-27T18:29:29+00:00</time>
      </trkpt>
      <trkpt lat="47.755290" lon="6.714340">
        <ele>654</ele>
        <time>2026-01-27T18:29:32+00:00</time>
      </trkpt>
      <trkpt lat="47.755310" lon="6.714300">
        <ele>651</ele>
        <time>2026-01-27T18:29:35+00:00</time>
      </trkpt>
      <trkpt lat="47.755410" lon="6.714210">
        <ele>649</ele>
        <time>2026-01-27T18:29:38+00:00</time>
      </trkpt>
      <trkpt lat="47.755430" lon="6.714170">
        <ele>648</ele>
        <time>2026-01-27T18:29:41+00:00</time>
      </trkpt>
      <trkpt lat="47.755430" lon="6.714090">
        <ele>647</ele>
        <time>2026-01-27T18:29:44+00:00</time>
      </trkpt>
      <trkpt lat="47.755440" lon="6.714060">
        <ele>647</ele>
        <time>2026-01-27T18:29:47+00:00</time>
      </trkpt>
      <trkpt lat="47.755430" lon="6.714010">
        <ele>647</ele>
        <time>2026-01-27T18:29:50+00:00</time>
      </trkpt>
      <trkpt lat="47.755440" lon="6.713880">
        <ele>646</ele>
        <time>2026-01-27T18:29:53+00:00</time>
      </trkpt>
      <trkpt lat="47.755470" lon="6.713860">
        <ele>646</ele>
        <time>2026-01-27T18:29:56+00:00</time>
      </trkpt>
      <trkpt lat="47.755530" lon="6.713850">
        <ele>644</ele>
        <time>2026-01-27T18:29:59+00:00</time>
      </trkpt>
      <trkpt lat="47.755560" lon="6.713870">
        <ele>644</ele>
        <time>2026-01-27T18:30:02+00:00</time>
      </trkpt>
      <trkpt lat="47.755590" lon="6.713870">
        <ele>644</ele>
        <time>2026-01-27T18:30:05+00:00</time>
      </trkpt>
      <trkpt lat="47.755610" lon="6.713860">
        <ele>640</ele>
        <time>2026-01-27T18:30:08+00:00</time>
      </trkpt>
      <trkpt lat="47.755600" lon="6.713860">
        <ele>644</ele>
        <time>2026-01-27T18:30:11+00:00</time>
      </trkpt>
      <trkpt lat="47.755610" lon="6.713870">
        <ele>640</ele>
        <time>2026-01-27T18:30:14+00:00</time>
      </trkpt>
      <trkpt lat="47.755600" lon="6.713780">
        <ele>640</ele>
        <time>2026-01-27T18:30:17+00:00</time>
      </trkpt>
      <trkpt lat="47.755620" lon="6.713790">
        <ele>640</ele>
        <time>2026-01-27T18:30:20+00:00</time>
      </trkpt>
      <trkpt lat="47.755620" lon="6.713830">
        <ele>640</ele>
        <time>2026-01-27T18:30:23+00:00</time>
      </trkpt>
      <trkpt lat="47.755640" lon="6.713910">
        <ele>642</ele>
        <time>2026-01-27T18:30:26+00:00</time>
      </trkpt>
      <trkpt lat="47.755650" lon="6.713910">
        <ele>642</ele>
        <time>2026-01-27T18:30:29+00:00</time>
      </trkpt>
      <trkpt lat="47.755710" lon="6.713970">
        <ele>639</ele>
        <time>2026-01-27T18:30:32+00:00</time>
      </trkpt>
      <trkpt lat="47.755840" lon="6.714060">
        <ele>637</ele>
        <time>2026-01-27T18:30:35+00:00</time>
      </trkpt>
      <trkpt lat="47.755830" lon="6.714060">
        <ele>637</ele>
        <time>2026-01-27T18:30:38+00:00</time>
      </trkpt>
      <trkpt lat="47.755880" lon="6.714150">
        <ele>637</ele>
        <time>2026-01-27T18:30:41+00:00</time>
      </trkpt>
      <trkpt lat="47.755880" lon="6.714170">
        <ele>637</ele>
        <time>2026-01-27T18:30:44+00:00</time>
      </trkpt>
      <trkpt lat="47.755890" lon="6.714180">
        <ele>637</ele>
        <time>2026-01-27T18:30:47+00:00</time>
      </trkpt>
      <trkpt lat="47.755890" lon="6.714190">
        <ele>637</ele>
        <time>2026-01-27T18:30:50+00:00</time>
      </trkpt>
      <trkpt lat="47.755910" lon="6.714230">
        <ele>634</ele>
        <time>2026-01-27T18:30:53+00:00</time>
      </trkpt>
      <trkpt lat="47.756000" lon="6.714480">
        <ele>634</ele>
        <time>2026-01-27T18:30:56+00:00</time>
      </trkpt>
      <trkpt lat="47.756020" lon="6.714560">
        <ele>631</ele>
        <time>2026-01-27T18:30:59+00:00</time>
      </trkpt>
      <trkpt lat="47.756030" lon="6.714560">
        <ele>631</ele>
        <time>2026-01-27T18:31:02+00:00</time>
      </trkpt>
      <trkpt lat="47.756030" lon="6.714610">
        <ele>630</ele>
        <time>2026-01-27T18:31:05+00:00</time>
      </trkpt>
      <trkpt lat="47.755990" lon="6.714630">
        <ele>633</ele>
        <time>2026-01-27T18:31:08+00:00</time>
      </trkpt>
      <trkpt lat="47.755980" lon="6.714650">
        <ele>633</ele>
        <time>2026-01-27T18:31:11+00:00</time>
      </trkpt>
      <trkpt lat="47.755990" lon="6.714770">
        <ele>632</ele>
        <time>2026-01-27T18:31:14+00:00</time>
      </trkpt>
      <trkpt lat="47.756010" lon="6.714800">
        <ele>628</ele>
        <time>2026-01-27T18:31:17+00:00</time>
      </trkpt>
      <trkpt lat="47.756000" lon="6.714890">
        <ele>628</ele>
        <time>2026-01-27T18:31:20+00:00</time>
      </trkpt>
      <trkpt lat="47.756010" lon="6.714910">
        <ele>627</ele>
        <time>2026-01-27T18:31:23+00:00</time>
      </trkpt>
      <trkpt lat="47.756020" lon="6.715020">
        <ele>626</ele>
        <time>2026-01-27T18:31:26+00:00</time>
      </trkpt>
      <trkpt lat="47.756010" lon="6.715070">
        <ele>626</ele>
        <time>2026-01-27T18:31:29+00:00</time>
      </trkpt>
      <trkpt lat="47.755980" lon="6.715140">
        <ele>629</ele>
        <time>2026-01-27T18:31:32+00:00</time>
      </trkpt>
      <trkpt lat="47.756020" lon="6.715190">
        <ele>625</ele>
        <time>2026-01-27T18:31:35+00:00</time>
      </trkpt>
      <trkpt lat="47.756030" lon="6.715240">
        <ele>625</ele>
        <time>2026-01-27T18:31:38+00:00</time>
      </trkpt>
      <trkpt lat="47.756020" lon="6.715280">
        <ele>625</ele>
        <time>2026-01-27T18:31:41+00:00</time>
      </trkpt>
      <trkpt lat="47.756040" lon="6.715330">
        <ele>624</ele>
        <time>2026-01-27T18:31:44+00:00</time>
      </trkpt>
      <trkpt lat="47.756080" lon="6.715400">
        <ele>624</ele>
        <time>2026-01-27T18:31:47+00:00</time>
      </trkpt>
      <trkpt lat="47.756120" lon="6.715560">
        <ele>619</ele>
        <time>2026-01-27T18:31:50+00:00</time>
      </trkpt>
      <trkpt lat="47.756140" lon="6.715590">
        <ele>619</ele>
        <time>2026-01-27T18:31:53+00:00</time>
      </trkpt>
      <trkpt lat="47.756150" lon="6.715590">
        <ele>619</ele>
        <time>2026-01-27T18:31:56+00:00</time>
      </trkpt>
      <trkpt lat="47.756150" lon="6.715640">
        <ele>618</ele>
        <time>2026-01-27T18:31:59+00:00</time>
      </trkpt>
      <trkpt lat="47.756160" lon="6.715670">
        <ele>618</ele>
        <time>2026-01-27T18:32:02+00:00</time>
      </trkpt>
      <trkpt lat="47.756160" lon="6.715690">
        <ele>618</ele>
        <time>2026-01-27T18:32:05+00:00</time>
      </trkpt>
      <trkpt lat="47.756140" lon="6.715740">
        <ele>617</ele>
        <time>2026-01-27T18:32:08+00:00</time>
      </trkpt>
      <trkpt lat="47.756150" lon="6.715790">
        <ele>617</ele>
        <time>2026-01-27T18:32:11+00:00</time>
      </trkpt>
      <trkpt lat="47.756150" lon="6.715820">
        <ele>615</ele>
        <time>2026-01-27T18:32:14+00:00</time>
      </trkpt>
      <trkpt lat="47.756140" lon="6.715850">
        <ele>615</ele>
        <time>2026-01-27T18:32:17+00:00</time>
      </trkpt>
      <trkpt lat="47.756110" lon="6.715880">
        <ele>615</ele>
        <time>2026-01-27T18:32:20+00:00</time>
      </trkpt>
      <trkpt lat="47.756120" lon="6.715920">
        <ele>614</ele>
        <time>2026-01-27T18:32:23+00:00</time>
      </trkpt>
      <trkpt lat="47.756190" lon="6.716030">
        <ele>613</ele>
        <time>2026-01-27T18:32:26+00:00</time>
      </trkpt>
      <trkpt lat="47.756260" lon="6.716050">
        <ele>611</ele>
        <time>2026-01-27T18:32:29+00:00</time>
      </trkpt>
      <trkpt lat="47.756270" lon="6.716030">
        <ele>611</ele>
        <time>2026-01-27T18:32:32+00:00</time>
      </trkpt>
      <trkpt lat="47.756370" lon="6.716020">
        <ele>611</ele>
        <time>2026-01-27T18:32:35+00:00</time>
      </trkpt>
      <trkpt lat="47.756480" lon="6.716070">
        <ele>610</ele>
        <time>2026-01-27T18:32:38+00:00</time>
      </trkpt>
      <trkpt lat="47.756650" lon="6.716200">
        <ele>608</ele>
        <time>2026-01-27T18:32:41+00:00</time>
      </trkpt>
      <trkpt lat="47.756790" lon="6.716350">
        <ele>608</ele>
        <time>2026-01-27T18:32:44+00:00</time>
      </trkpt>
      <trkpt lat="47.756900" lon="6.716490">
        <ele>606</ele>
        <time>2026-01-27T18:32:47+00:00</time>
      </trkpt>
      <trkpt lat="47.757000" lon="6.716710">
        <ele>605</ele>
        <time>2026-01-27T18:32:50+00:00</time>
      </trkpt>
      <trkpt lat="47.757020" lon="6.716770">
        <ele>605</ele>
        <time>2026-01-27T18:32:53+00:00</time>
      </trkpt>
      <trkpt lat="47.757110" lon="6.716960">
        <ele>604</ele>
        <time>2026-01-27T18:32:56+00:00</time>
      </trkpt>
      <trkpt lat="47.757170" lon="6.717120">
        <ele>604</ele>
        <time>2026-01-27T18:32:59+00:00</time>
      </trkpt>
      <trkpt lat="47.757360" lon="6.717460">
        <ele>603</ele>
        <time>2026-01-27T18:33:02+00:00</time>
      </trkpt>
      <trkpt lat="47.757490" lon="6.717550">
        <ele>602</ele>
        <time>2026-01-27T18:33:05+00:00</time>
      </trkpt>
      <trkpt lat="47.757670" lon="6.717540">
        <ele>601</ele>
        <time>2026-01-27T18:33:08+00:00</time>
      </trkpt>
      <trkpt lat="47.757850" lon="6.717350">
        <ele>600</ele>
        <time>2026-01-27T18:33:11+00:00</time>
      </trkpt>
      <trkpt lat="47.757950" lon="6.717350">
        <ele>599</ele>
        <time>2026-01-27T18:33:14+00:00</time>
      </trkpt>
      <trkpt lat="47.758150" lon="6.717420">
        <ele>600</ele>
        <time>2026-01-27T18:33:17+00:00</time>
      </trkpt>
      <trkpt lat="47.758220" lon="6.717470">
        <ele>601</ele>
        <time>2026-01-27T18:33:20+00:00</time>
      </trkpt>
      <trkpt lat="47.758240" lon="6.717470">
        <ele>601</ele>
        <time>2026-01-27T18:33:23+00:00</time>
      </trkpt>
      <trkpt lat="47.758350" lon="6.717530">
        <ele>601</ele>
        <time>2026-01-27T18:33:26+00:00</time>
      </trkpt>
      <trkpt lat="47.758670" lon="6.717770">
        <ele>602</ele>
        <time>2026-01-27T18:33:29+00:00</time>
      </trkpt>
      <trkpt lat="47.758920" lon="6.718010">
        <ele>604</ele>
        <time>2026-01-27T18:33:32+00:00</time>
      </trkpt>
      <trkpt lat="47.758960" lon="6.718060">
        <ele>604</ele>
        <time>2026-01-27T18:33:35+00:00</time>
      </trkpt>
      <trkpt lat="47.759040" lon="6.718210">
        <ele>605</ele>
        <time>2026-01-27T18:33:38+00:00</time>
      </trkpt>
      <trkpt lat="47.759120" lon="6.718400">
        <ele>607</ele>
        <time>2026-01-27T18:33:41+00:00</time>
      </trkpt>
      <trkpt lat="47.759200" lon="6.718610">
        <ele>609</ele>
        <time>2026-01-27T18:33:44+00:00</time>
      </trkpt>
      <trkpt lat="47.759320" lon="6.718860">
        <ele>610</ele>
        <time>2026-01-27T18:33:47+00:00</time>
      </trkpt>
      <trkpt lat="47.759390" lon="6.718980">
        <ele>610</ele>
        <time>2026-01-27T18:33:50+00:00</time>
      </trkpt>
      <trkpt lat="47.759490" lon="6.719120">
        <ele>612</ele>
        <time>2026-01-27T18:33:53+00:00</time>
      </trkpt>
      <trkpt lat="47.759510" lon="6.719140">
        <ele>612</ele>
        <time>2026-01-27T18:33:56+00:00</time>
      </trkpt>
      <trkpt lat="47.759610" lon="6.719200">
        <ele>613</ele>
        <time>2026-01-27T18:33:59+00:00</time>
      </trkpt>
      <trkpt lat="47.759680" lon="6.719230">
        <ele>613</ele>
        <time>2026-01-27T18:34:02+00:00</time>
      </trkpt>
      <trkpt lat="47.759740" lon="6.719240">
        <ele>613</ele>
        <time>2026-01-27T18:34:05+00:00</time>
      </trkpt>
      <trkpt lat="47.759830" lon="6.719270">
        <ele>615</ele>
        <time>2026-01-27T18:34:08+00:00</time>
      </trkpt>
      <trkpt lat="47.759960" lon="6.719290">
        <ele>616</ele>
        <time>2026-01-27T18:34:11+00:00</time>
      </trkpt>
      <trkpt lat="47.760060" lon="6.719320">
        <ele>617</ele>
        <time>2026-01-27T18:34:14+00:00</time>
      </trkpt>
      <trkpt lat="47.760110" lon="6.719350">
        <ele>617</ele>
        <time>2026-01-27T18:34:17+00:00</time>
      </trkpt>
      <trkpt lat="47.760240" lon="6.719410">
        <ele>620</ele>
        <time>2026-01-27T18:34:20+00:00</time>
      </trkpt>
      <trkpt lat="47.760270" lon="6.719410">
        <ele>620</ele>
        <time>2026-01-27T18:34:23+00:00</time>
      </trkpt>
      <trkpt lat="47.760390" lon="6.719440">
        <ele>619</ele>
        <time>2026-01-27T18:34:26+00:00</time>
      </trkpt>
      <trkpt lat="47.760470" lon="6.719470">
        <ele>620</ele>
        <time>2026-01-27T18:34:29+00:00</time>
      </trkpt>
      <trkpt lat="47.760590" lon="6.719530">
        <ele>621</ele>
        <time>2026-01-27T18:34:32+00:00</time>
      </trkpt>
      <trkpt lat="47.760680" lon="6.719610">
        <ele>622</ele>
        <time>2026-01-27T18:34:35+00:00</time>
      </trkpt>
      <trkpt lat="47.760730" lon="6.719690">
        <ele>621</ele>
        <time>2026-01-27T18:34:38+00:00</time>
      </trkpt>
      <trkpt lat="47.760760" lon="6.719780">
        <ele>622</ele>
        <time>2026-01-27T18:34:41+00:00</time>
      </trkpt>
      <trkpt lat="47.760760" lon="6.719910">
        <ele>626</ele>
        <time>2026-01-27T18:34:44+00:00</time>
      </trkpt>
      <trkpt lat="47.760720" lon="6.720280">
        <ele>629</ele>
        <time>2026-01-27T18:34:47+00:00</time>
      </trkpt>
      <trkpt lat="47.760680" lon="6.720490">
        <ele>634</ele>
        <time>2026-01-27T18:34:50+00:00</time>
      </trkpt>
      <trkpt lat="47.760670" lon="6.720770">
        <ele>637</ele>
        <time>2026-01-27T18:34:53+00:00</time>
      </trkpt>
      <trkpt lat="47.760690" lon="6.721100">
        <ele>643</ele>
        <time>2026-01-27T18:34:56+00:00</time>
      </trkpt>
      <trkpt lat="47.760710" lon="6.721160">
        <ele>640</ele>
        <time>2026-01-27T18:34:59+00:00</time>
      </trkpt>
      <trkpt lat="47.760750" lon="6.721230">
        <ele>643</ele>
        <time>2026-01-27T18:35:02+00:00</time>
      </trkpt>
      <trkpt lat="47.760770" lon="6.721300">
        <ele>644</ele>
        <time>2026-01-27T18:35:05+00:00</time>
      </trkpt>
      <trkpt lat="47.760710" lon="6.721630">
        <ele>651</ele>
        <time>2026-01-27T18:35:08+00:00</time>
      </trkpt>
      <trkpt lat="47.760720" lon="6.722000">
        <ele>659</ele>
        <time>2026-01-27T18:35:11+00:00</time>
      </trkpt>
      <trkpt lat="47.760700" lon="6.722080">
        <ele>661</ele>
        <time>2026-01-27T18:35:14+00:00</time>
      </trkpt>
      <trkpt lat="47.760690" lon="6.722170">
        <ele>663</ele>
        <time>2026-01-27T18:35:17+00:00</time>
      </trkpt>
      <trkpt lat="47.760690" lon="6.722250">
        <ele>664</ele>
        <time>2026-01-27T18:35:20+00:00</time>
      </trkpt>
      <trkpt lat="47.760680" lon="6.722370">
        <ele>666</ele>
        <time>2026-01-27T18:35:23+00:00</time>
      </trkpt>
      <trkpt lat="47.760660" lon="6.722400">
        <ele>668</ele>
        <time>2026-01-27T18:35:26+00:00</time>
      </trkpt>
      <trkpt lat="47.760650" lon="6.722470">
        <ele>668</ele>
        <time>2026-01-27T18:35:29+00:00</time>
      </trkpt>
      <trkpt lat="47.760660" lon="6.722540">
        <ele>669</ele>
        <time>2026-01-27T18:35:32+00:00</time>
      </trkpt>
      <trkpt lat="47.760640" lon="6.722580">
        <ele>669</ele>
        <time>2026-01-27T18:35:35+00:00</time>
      </trkpt>
      <trkpt lat="47.760650" lon="6.722670">
        <ele>670</ele>
        <time>2026-01-27T18:35:38+00:00</time>
      </trkpt>
      <trkpt lat="47.760630" lon="6.722870">
        <ele>674</ele>
        <time>2026-01-27T18:35:41+00:00</time>
      </trkpt>
      <trkpt lat="47.760630" lon="6.722920">
        <ele>676</ele>
        <time>2026-01-27T18:35:44+00:00</time>
      </trkpt>
      <trkpt lat="47.760600" lon="6.723070">
        <ele>678</ele>
        <time>2026-01-27T18:35:47+00:00</time>
      </trkpt>
      <trkpt lat="47.760600" lon="6.723110">
        <ele>679</ele>
        <time>2026-01-27T18:35:50+00:00</time>
      </trkpt>
      <trkpt lat="47.760580" lon="6.723220">
        <ele>683</ele>
        <time>2026-01-27T18:35:53+00:00</time>
      </trkpt>
      <trkpt lat="47.760580" lon="6.723590">
        <ele>687</ele>
        <time>2026-01-27T18:35:56+00:00</time>
      </trkpt>
      <trkpt lat="47.760550" lon="6.723750">
        <ele>690</ele>
        <time>2026-01-27T18:35:59+00:00</time>
      </trkpt>
      <trkpt lat="47.760530" lon="6.724000">
        <ele>694</ele>
        <time>2026-01-27T18:36:02+00:00</time>
      </trkpt>
      <trkpt lat="47.760530" lon="6.724080">
        <ele>694</ele>
        <time>2026-01-27T18:36:05+00:00</time>
      </trkpt>
      <trkpt lat="47.760520" lon="6.724160">
        <ele>695</ele>
        <time>2026-01-27T18:36:08+00:00</time>
      </trkpt>
      <trkpt lat="47.760520" lon="6.724220">
        <ele>697</ele>
        <time>2026-01-27T18:36:11+00:00</time>
      </trkpt>
      <trkpt lat="47.760480" lon="6.724360">
        <ele>699</ele>
        <time>2026-01-27T18:36:14+00:00</time>
      </trkpt>
      <trkpt lat="47.760430" lon="6.724410">
        <ele>699</ele>
        <time>2026-01-27T18:36:17+00:00</time>
      </trkpt>
      <trkpt lat="47.760430" lon="6.724430">
        <ele>699</ele>
        <time>2026-01-27T18:36:20+00:00</time>
      </trkpt>
      <trkpt lat="47.760340" lon="6.724390">
        <ele>700</ele>
        <time>2026-01-27T18:36:23+00:00</time>
      </trkpt>
      <trkpt lat="47.760300" lon="6.724390">
        <ele>697</ele>
        <time>2026-01-27T18:36:26+00:00</time>
      </trkpt>
      <trkpt lat="47.760270" lon="6.724410">
        <ele>700</ele>
        <time>2026-01-27T18:36:29+00:00</time>
      </trkpt>
      <trkpt lat="47.760290" lon="6.724460">
        <ele>700</ele>
        <time>2026-01-27T18:36:32+00:00</time>
      </trkpt>
      <trkpt lat="47.760320" lon="6.724480">
        <ele>699</ele>
        <time>2026-01-27T18:36:35+00:00</time>
      </trkpt>
      <trkpt lat="47.760320" lon="6.724500">
        <ele>699</ele>
        <time>2026-01-27T18:36:38+00:00</time>
      </trkpt>
      <trkpt lat="47.760310" lon="6.724500">
        <ele>699</ele>
        <time>2026-01-27T18:36:41+00:00</time>
      </trkpt>
      <trkpt lat="47.760310" lon="6.724530">
        <ele>698</ele>
        <time>2026-01-27T18:36:44+00:00</time>
      </trkpt>
      <trkpt lat="47.760270" lon="6.724660">
        <ele>696</ele>
        <time>2026-01-27T18:36:47+00:00</time>
      </trkpt>
      <trkpt lat="47.760240" lon="6.724670">
        <ele>696</ele>
        <time>2026-01-27T18:36:50+00:00</time>
      </trkpt>
      <trkpt lat="47.760230" lon="6.724680">
        <ele>696</ele>
        <time>2026-01-27T18:36:53+00:00</time>
      </trkpt>
      <trkpt lat="47.760230" lon="6.724710">
        <ele>694</ele>
        <time>2026-01-27T18:36:56+00:00</time>
      </trkpt>
      <trkpt lat="47.760210" lon="6.724750">
        <ele>694</ele>
        <time>2026-01-27T18:36:59+00:00</time>
      </trkpt>
      <trkpt lat="47.760220" lon="6.724780">
        <ele>694</ele>
        <time>2026-01-27T18:37:02+00:00</time>
      </trkpt>
      <trkpt lat="47.760210" lon="6.724820">
        <ele>690</ele>
        <time>2026-01-27T18:37:05+00:00</time>
      </trkpt>
      <trkpt lat="47.760220" lon="6.724850">
        <ele>690</ele>
        <time>2026-01-27T18:37:08+00:00</time>
      </trkpt>
      <trkpt lat="47.760240" lon="6.724870">
        <ele>690</ele>
        <time>2026-01-27T18:37:11+00:00</time>
      </trkpt>
      <trkpt lat="47.760200" lon="6.724950">
        <ele>688</ele>
        <time>2026-01-27T18:37:14+00:00</time>
      </trkpt>
      <trkpt lat="47.760200" lon="6.724990">
        <ele>688</ele>
        <time>2026-01-27T18:37:17+00:00</time>
      </trkpt>
      <trkpt lat="47.760170" lon="6.725040">
        <ele>684</ele>
        <time>2026-01-27T18:37:20+00:00</time>
      </trkpt>
      <trkpt lat="47.760170" lon="6.725100">
        <ele>681</ele>
        <time>2026-01-27T18:37:23+00:00</time>
      </trkpt>
      <trkpt lat="47.760150" lon="6.725100">
        <ele>686</ele>
        <time>2026-01-27T18:37:26+00:00</time>
      </trkpt>
      <trkpt lat="47.760130" lon="6.725140">
        <ele>681</ele>
        <time>2026-01-27T18:37:29+00:00</time>
      </trkpt>
      <trkpt lat="47.760130" lon="6.725160">
        <ele>681</ele>
        <time>2026-01-27T18:37:32+00:00</time>
      </trkpt>
      <trkpt lat="47.760160" lon="6.725210">
        <ele>681</ele>
        <time>2026-01-27T18:37:35+00:00</time>
      </trkpt>
      <trkpt lat="47.760320" lon="6.725330">
        <ele>685</ele>
        <time>2026-01-27T18:37:38+00:00</time>
      </trkpt>
      <trkpt lat="47.760520" lon="6.725460">
        <ele>685</ele>
        <time>2026-01-27T18:37:41+00:00</time>
      </trkpt>
      <trkpt lat="47.760650" lon="6.725610">
        <ele>684</ele>
        <time>2026-01-27T18:37:44+00:00</time>
      </trkpt>
      <trkpt lat="47.760710" lon="6.725690">
        <ele>685</ele>
        <time>2026-01-27T18:37:47+00:00</time>
      </trkpt>
      <trkpt lat="47.760770" lon="6.725800">
        <ele>682</ele>
        <time>2026-01-27T18:37:50+00:00</time>
      </trkpt>
      <trkpt lat="47.760960" lon="6.726220">
        <ele>687</ele>
        <time>2026-01-27T18:37:53+00:00</time>
      </trkpt>
      <trkpt lat="47.761060" lon="6.726410">
        <ele>688</ele>
        <time>2026-01-27T18:37:56+00:00</time>
      </trkpt>
      <trkpt lat="47.761120" lon="6.726620">
        <ele>690</ele>
        <time>2026-01-27T18:37:59+00:00</time>
      </trkpt>
      <trkpt lat="47.761230" lon="6.726930">
        <ele>691</ele>
        <time>2026-01-27T18:38:02+00:00</time>
      </trkpt>
      <trkpt lat="47.761340" lon="6.727270">
        <ele>693</ele>
        <time>2026-01-27T18:38:05+00:00</time>
      </trkpt>
      <trkpt lat="47.761430" lon="6.727510">
        <ele>695</ele>
        <time>2026-01-27T18:38:08+00:00</time>
      </trkpt>
      <trkpt lat="47.761480" lon="6.727670">
        <ele>694</ele>
        <time>2026-01-27T18:38:11+00:00</time>
      </trkpt>
      <trkpt lat="47.761530" lon="6.727800">
        <ele>695</ele>
        <time>2026-01-27T18:38:14+00:00</time>
      </trkpt>
      <trkpt lat="47.761560" lon="6.727850">
        <ele>695</ele>
        <time>2026-01-27T18:38:17+00:00</time>
      </trkpt>
      <trkpt lat="47.761680" lon="6.728140">
        <ele>695</ele>
        <time>2026-01-27T18:38:20+00:00</time>
      </trkpt>
      <trkpt lat="47.761740" lon="6.728230">
        <ele>697</ele>
        <time>2026-01-27T18:38:23+00:00</time>
      </trkpt>
      <trkpt lat="47.761740" lon="6.728430">
        <ele>695</ele>
        <time>2026-01-27T18:38:26+00:00</time>
      </trkpt>
      <trkpt lat="47.761760" lon="6.728480">
        <ele>695</ele>
        <time>2026-01-27T18:38:29+00:00</time>
      </trkpt>
      <trkpt lat="47.761770" lon="6.728540">
        <ele>694</ele>
        <time>2026-01-27T18:38:32+00:00</time>
      </trkpt>
      <trkpt lat="47.761810" lon="6.728620">
        <ele>698</ele>
        <time>2026-01-27T18:38:35+00:00</time>
      </trkpt>
      <trkpt lat="47.761780" lon="6.728650">
        <ele>692</ele>
        <time>2026-01-27T18:38:38+00:00</time>
      </trkpt>
      <trkpt lat="47.761780" lon="6.728690">
        <ele>692</ele>
        <time>2026-01-27T18:38:41+00:00</time>
      </trkpt>
      <trkpt lat="47.761710" lon="6.728780">
        <ele>691</ele>
        <time>2026-01-27T18:38:44+00:00</time>
      </trkpt>
      <trkpt lat="47.761690" lon="6.728790">
        <ele>684</ele>
        <time>2026-01-27T18:38:47+00:00</time>
      </trkpt>
      <trkpt lat="47.761690" lon="6.728800">
        <ele>683</ele>
        <time>2026-01-27T18:38:50+00:00</time>
      </trkpt>
      <trkpt lat="47.761670" lon="6.728820">
        <ele>683</ele>
        <time>2026-01-27T18:38:53+00:00</time>
      </trkpt>
      <trkpt lat="47.761680" lon="6.728870">
        <ele>683</ele>
        <time>2026-01-27T18:38:56+00:00</time>
      </trkpt>
      <trkpt lat="47.761640" lon="6.728900">
        <ele>682</ele>
        <time>2026-01-27T18:38:59+00:00</time>
      </trkpt>
      <trkpt lat="47.761630" lon="6.728920">
        <ele>682</ele>
        <time>2026-01-27T18:39:02+00:00</time>
      </trkpt>
      <trkpt lat="47.761640" lon="6.728970">
        <ele>682</ele>
        <time>2026-01-27T18:39:05+00:00</time>
      </trkpt>
      <trkpt lat="47.761520" lon="6.729040">
        <ele>676</ele>
        <time>2026-01-27T18:39:08+00:00</time>
      </trkpt>
      <trkpt lat="47.761550" lon="6.729090">
        <ele>676</ele>
        <time>2026-01-27T18:39:11+00:00</time>
      </trkpt>
      <trkpt lat="47.761590" lon="6.729130">
        <ele>674</ele>
        <time>2026-01-27T18:39:14+00:00</time>
      </trkpt>
      <trkpt lat="47.761610" lon="6.729170">
        <ele>679</ele>
        <time>2026-01-27T18:39:17+00:00</time>
      </trkpt>
      <trkpt lat="47.761630" lon="6.729140">
        <ele>679</ele>
        <time>2026-01-27T18:39:20+00:00</time>
      </trkpt>
      <trkpt lat="47.761610" lon="6.729160">
        <ele>679</ele>
        <time>2026-01-27T18:39:23+00:00</time>
      </trkpt>
      <trkpt lat="47.761600" lon="6.729210">
        <ele>673</ele>
        <time>2026-01-27T18:39:26+00:00</time>
      </trkpt>
      <trkpt lat="47.761580" lon="6.729240">
        <ele>673</ele>
        <time>2026-01-27T18:39:29+00:00</time>
      </trkpt>
      <trkpt lat="47.761580" lon="6.729290">
        <ele>673</ele>
        <time>2026-01-27T18:39:32+00:00</time>
      </trkpt>
      <trkpt lat="47.761560" lon="6.729270">
        <ele>673</ele>
        <time>2026-01-27T18:39:35+00:00</time>
      </trkpt>
      <trkpt lat="47.761560" lon="6.729250">
        <ele>673</ele>
        <time>2026-01-27T18:39:38+00:00</time>
      </trkpt>
      <trkpt lat="47.761540" lon="6.729200">
        <ele>673</ele>
        <time>2026-01-27T18:39:41+00:00</time>
      </trkpt>
      <trkpt lat="47.761540" lon="6.729230">
        <ele>673</ele>
        <time>2026-01-27T18:39:44+00:00</time>
      </trkpt>
      <trkpt lat="47.761530" lon="6.729250">
        <ele>673</ele>
        <time>2026-01-27T18:39:47+00:00</time>
      </trkpt>
      <trkpt lat="47.761470" lon="6.729260">
        <ele>668</ele>
        <time>2026-01-27T18:39:50+00:00</time>
      </trkpt>
      <trkpt lat="47.761450" lon="6.729250">
        <ele>668</ele>
        <time>2026-01-27T18:39:53+00:00</time>
      </trkpt>
      <trkpt lat="47.761430" lon="6.729250">
        <ele>668</ele>
        <time>2026-01-27T18:39:56+00:00</time>
      </trkpt>
      <trkpt lat="47.761380" lon="6.729270">
        <ele>661</ele>
        <time>2026-01-27T18:39:59+00:00</time>
      </trkpt>
      <trkpt lat="47.761370" lon="6.729300">
        <ele>660</ele>
        <time>2026-01-27T18:40:02+00:00</time>
      </trkpt>
      <trkpt lat="47.761340" lon="6.729250">
        <ele>661</ele>
        <time>2026-01-27T18:40:05+00:00</time>
      </trkpt>
      <trkpt lat="47.761340" lon="6.729270">
        <ele>661</ele>
        <time>2026-01-27T18:40:08+00:00</time>
      </trkpt>
      <trkpt lat="47.761320" lon="6.729290">
        <ele>661</ele>
        <time>2026-01-27T18:40:11+00:00</time>
      </trkpt>
      <trkpt lat="47.761300" lon="6.729290">
        <ele>661</ele>
        <time>2026-01-27T18:40:14+00:00</time>
      </trkpt>
      <trkpt lat="47.761260" lon="6.729310">
        <ele>656</ele>
        <time>2026-01-27T18:40:17+00:00</time>
      </trkpt>
      <trkpt lat="47.761250" lon="6.729320">
        <ele>656</ele>
        <time>2026-01-27T18:40:20+00:00</time>
      </trkpt>
      <trkpt lat="47.761250" lon="6.729330">
        <ele>656</ele>
        <time>2026-01-27T18:40:23+00:00</time>
      </trkpt>
      <trkpt lat="47.761230" lon="6.729290">
        <ele>657</ele>
        <time>2026-01-27T18:40:26+00:00</time>
      </trkpt>
      <trkpt lat="47.761230" lon="6.729250">
        <ele>657</ele>
        <time>2026-01-27T18:40:29+00:00</time>
      </trkpt>
      <trkpt lat="47.761220" lon="6.729220">
        <ele>657</ele>
        <time>2026-01-27T18:40:32+00:00</time>
      </trkpt>
      <trkpt lat="47.761210" lon="6.729250">
        <ele>657</ele>
        <time>2026-01-27T18:40:35+00:00</time>
      </trkpt>
      <trkpt lat="47.761190" lon="6.729240">
        <ele>652</ele>
        <time>2026-01-27T18:40:38+00:00</time>
      </trkpt>
      <trkpt lat="47.761170" lon="6.729270">
        <ele>652</ele>
        <time>2026-01-27T18:40:41+00:00</time>
      </trkpt>
      <trkpt lat="47.761170" lon="6.729330">
        <ele>651</ele>
        <time>2026-01-27T18:40:44+00:00</time>
      </trkpt>
      <trkpt lat="47.761200" lon="6.729390">
        <ele>651</ele>
        <time>2026-01-27T18:40:47+00:00</time>
      </trkpt>
      <trkpt lat="47.761210" lon="6.729380">
        <ele>656</ele>
        <time>2026-01-27T18:40:50+00:00</time>
      </trkpt>
      <trkpt lat="47.761240" lon="6.729450">
        <ele>655</ele>
        <time>2026-01-27T18:40:53+00:00</time>
      </trkpt>
      <trkpt lat="47.761270" lon="6.729480">
        <ele>655</ele>
        <time>2026-01-27T18:40:56+00:00</time>
      </trkpt>
      <trkpt lat="47.761290" lon="6.729430">
        <ele>655</ele>
        <time>2026-01-27T18:40:59+00:00</time>
      </trkpt>
      <trkpt lat="47.761260" lon="6.729380">
        <ele>656</ele>
        <time>2026-01-27T18:41:02+00:00</time>
      </trkpt>
      <trkpt lat="47.761120" lon="6.729360">
        <ele>651</ele>
        <time>2026-01-27T18:41:05+00:00</time>
      </trkpt>
      <trkpt lat="47.761040" lon="6.729420">
        <ele>643</ele>
        <time>2026-01-27T18:41:08+00:00</time>
      </trkpt>
      <trkpt lat="47.761050" lon="6.729440">
        <ele>643</ele>
        <time>2026-01-27T18:41:11+00:00</time>
      </trkpt>
      <trkpt lat="47.761020" lon="6.729260">
        <ele>645</ele>
        <time>2026-01-27T18:41:14+00:00</time>
      </trkpt>
      <trkpt lat="47.760990" lon="6.729120">
        <ele>641</ele>
        <time>2026-01-27T18:41:17+00:00</time>
      </trkpt>
      <trkpt lat="47.760940" lon="6.729280">
        <ele>640</ele>
        <time>2026-01-27T18:41:20+00:00</time>
      </trkpt>
      <trkpt lat="47.760960" lon="6.729320">
        <ele>639</ele>
        <time>2026-01-27T18:41:23+00:00</time>
      </trkpt>
      <trkpt lat="47.761010" lon="6.729330">
        <ele>643</ele>
        <time>2026-01-27T18:41:26+00:00</time>
      </trkpt>
      <trkpt lat="47.761020" lon="6.729320">
        <ele>643</ele>
        <time>2026-01-27T18:41:29+00:00</time>
      </trkpt>
      <trkpt lat="47.761000" lon="6.729270">
        <ele>640</ele>
        <time>2026-01-27T18:41:32+00:00</time>
      </trkpt>
      <trkpt lat="47.760960" lon="6.729210">
        <ele>640</ele>
        <time>2026-01-27T18:41:35+00:00</time>
      </trkpt>
      <trkpt lat="47.760900" lon="6.729260">
        <ele>640</ele>
        <time>2026-01-27T18:41:38+00:00</time>
      </trkpt>
      <trkpt lat="47.760890" lon="6.729310">
        <ele>635</ele>
        <time>2026-01-27T18:41:41+00:00</time>
      </trkpt>
      <trkpt lat="47.760850" lon="6.729330">
        <ele>635</ele>
        <time>2026-01-27T18:41:44+00:00</time>
      </trkpt>
      <trkpt lat="47.760840" lon="6.729290">
        <ele>635</ele>
        <time>2026-01-27T18:41:47+00:00</time>
      </trkpt>
      <trkpt lat="47.760880" lon="6.729300">
        <ele>635</ele>
        <time>2026-01-27T18:41:50+00:00</time>
      </trkpt>
      <trkpt lat="47.760900" lon="6.729360">
        <ele>639</ele>
        <time>2026-01-27T18:41:53+00:00</time>
      </trkpt>
      <trkpt lat="47.760800" lon="6.729330">
        <ele>635</ele>
        <time>2026-01-27T18:41:56+00:00</time>
      </trkpt>
      <trkpt lat="47.760730" lon="6.729400">
        <ele>628</ele>
        <time>2026-01-27T18:41:59+00:00</time>
      </trkpt>
      <trkpt lat="47.760710" lon="6.729390">
        <ele>628</ele>
        <time>2026-01-27T18:42:02+00:00</time>
      </trkpt>
      <trkpt lat="47.760680" lon="6.729310">
        <ele>625</ele>
        <time>2026-01-27T18:42:05+00:00</time>
      </trkpt>
      <trkpt lat="47.760650" lon="6.729340">
        <ele>625</ele>
        <time>2026-01-27T18:42:08+00:00</time>
      </trkpt>
      <trkpt lat="47.760660" lon="6.729350">
        <ele>625</ele>
        <time>2026-01-27T18:42:11+00:00</time>
      </trkpt>
      <trkpt lat="47.760620" lon="6.729400">
        <ele>625</ele>
        <time>2026-01-27T18:42:14+00:00</time>
      </trkpt>
      <trkpt lat="47.760620" lon="6.729480">
        <ele>625</ele>
        <time>2026-01-27T18:42:17+00:00</time>
      </trkpt>
      <trkpt lat="47.760570" lon="6.729320">
        <ele>621</ele>
        <time>2026-01-27T18:42:20+00:00</time>
      </trkpt>
      <trkpt lat="47.760530" lon="6.729340">
        <ele>621</ele>
        <time>2026-01-27T18:42:23+00:00</time>
      </trkpt>
      <trkpt lat="47.760490" lon="6.729350">
        <ele>616</ele>
        <time>2026-01-27T18:42:26+00:00</time>
      </trkpt>
      <trkpt lat="47.760470" lon="6.729370">
        <ele>616</ele>
        <time>2026-01-27T18:42:29+00:00</time>
      </trkpt>
      <trkpt lat="47.760440" lon="6.729430">
        <ele>615</ele>
        <time>2026-01-27T18:42:32+00:00</time>
      </trkpt>
      <trkpt lat="47.760450" lon="6.729530">
        <ele>615</ele>
        <time>2026-01-27T18:42:35+00:00</time>
      </trkpt>
      <trkpt lat="47.760430" lon="6.729590">
        <ele>615</ele>
        <time>2026-01-27T18:42:38+00:00</time>
      </trkpt>
      <trkpt lat="47.760400" lon="6.729630">
        <ele>614</ele>
        <time>2026-01-27T18:42:41+00:00</time>
      </trkpt>
      <trkpt lat="47.760380" lon="6.729730">
        <ele>610</ele>
        <time>2026-01-27T18:42:44+00:00</time>
      </trkpt>
      <trkpt lat="47.760380" lon="6.729750">
        <ele>610</ele>
        <time>2026-01-27T18:42:47+00:00</time>
      </trkpt>
      <trkpt lat="47.760360" lon="6.729710">
        <ele>610</ele>
        <time>2026-01-27T18:42:50+00:00</time>
      </trkpt>
      <trkpt lat="47.760370" lon="6.729720">
        <ele>610</ele>
        <time>2026-01-27T18:42:53+00:00</time>
      </trkpt>
      <trkpt lat="47.760360" lon="6.729740">
        <ele>610</ele>
        <time>2026-01-27T18:42:56+00:00</time>
      </trkpt>
      <trkpt lat="47.760350" lon="6.729790">
        <ele>610</ele>
        <time>2026-01-27T18:42:59+00:00</time>
      </trkpt>
      <trkpt lat="47.760340" lon="6.729800">
        <ele>610</ele>
        <time>2026-01-27T18:43:02+00:00</time>
      </trkpt>
      <trkpt lat="47.760340" lon="6.729850">
        <ele>609</ele>
        <time>2026-01-27T18:43:05+00:00</time>
      </trkpt>
      <trkpt lat="47.760320" lon="6.729870">
        <ele>609</ele>
        <time>2026-01-27T18:43:08+00:00</time>
      </trkpt>
      <trkpt lat="47.760300" lon="6.729860">
        <ele>609</ele>
        <time>2026-01-27T18:43:11+00:00</time>
      </trkpt>
      <trkpt lat="47.760300" lon="6.729890">
        <ele>609</ele>
        <time>2026-01-27T18:43:14+00:00</time>
      </trkpt>
      <trkpt lat="47.760270" lon="6.729900">
        <ele>604</ele>
        <time>2026-01-27T18:43:17+00:00</time>
      </trkpt>
      <trkpt lat="47.760250" lon="6.730020">
        <ele>603</ele>
        <time>2026-01-27T18:43:20+00:00</time>
      </trkpt>
      <trkpt lat="47.760230" lon="6.730040">
        <ele>603</ele>
        <time>2026-01-27T18:43:23+00:00</time>
      </trkpt>
      <trkpt lat="47.760240" lon="6.730050">
        <ele>603</ele>
        <time>2026-01-27T18:43:26+00:00</time>
      </trkpt>
      <trkpt lat="47.760110" lon="6.730090">
        <ele>599</ele>
        <time>2026-01-27T18:43:29+00:00</time>
      </trkpt>
      <trkpt lat="47.759960" lon="6.730070">
        <ele>592</ele>
        <time>2026-01-27T18:43:32+00:00</time>
      </trkpt>
      <trkpt lat="47.759900" lon="6.730150">
        <ele>591</ele>
        <time>2026-01-27T18:43:35+00:00</time>
      </trkpt>
      <trkpt lat="47.759890" lon="6.730250">
        <ele>586</ele>
        <time>2026-01-27T18:43:38+00:00</time>
      </trkpt>
      <trkpt lat="47.759870" lon="6.730290">
        <ele>586</ele>
        <time>2026-01-27T18:43:41+00:00</time>
      </trkpt>
      <trkpt lat="47.759870" lon="6.730330">
        <ele>585</ele>
        <time>2026-01-27T18:43:44+00:00</time>
      </trkpt>
      <trkpt lat="47.759950" lon="6.730510">
        <ele>590</ele>
        <time>2026-01-27T18:43:47+00:00</time>
      </trkpt>
      <trkpt lat="47.759980" lon="6.730520">
        <ele>585</ele>
        <time>2026-01-27T18:43:50+00:00</time>
      </trkpt>
      <trkpt lat="47.760060" lon="6.730520">
        <ele>589</ele>
        <time>2026-01-27T18:43:53+00:00</time>
      </trkpt>
      <trkpt lat="47.760060" lon="6.730490">
        <ele>590</ele>
        <time>2026-01-27T18:43:56+00:00</time>
      </trkpt>
      <trkpt lat="47.760080" lon="6.730450">
        <ele>590</ele>
        <time>2026-01-27T18:43:59+00:00</time>
      </trkpt>
      <trkpt lat="47.760060" lon="6.730420">
        <ele>590</ele>
        <time>2026-01-27T18:44:02+00:00</time>
      </trkpt>
      <trkpt lat="47.759950" lon="6.730440">
        <ele>587</ele>
        <time>2026-01-27T18:44:05+00:00</time>
      </trkpt>
      <trkpt lat="47.759910" lon="6.730440">
        <ele>587</ele>
        <time>2026-01-27T18:44:08+00:00</time>
      </trkpt>
      <trkpt lat="47.759890" lon="6.730450">
        <ele>584</ele>
        <time>2026-01-27T18:44:11+00:00</time>
      </trkpt>
      <trkpt lat="47.759850" lon="6.730450">
        <ele>584</ele>
        <time>2026-01-27T18:44:14+00:00</time>
      </trkpt>
      <trkpt lat="47.759830" lon="6.730430">
        <ele>584</ele>
        <time>2026-01-27T18:44:17+00:00</time>
      </trkpt>
      <trkpt lat="47.759770" lon="6.730430">
        <ele>580</ele>
        <time>2026-01-27T18:44:20+00:00</time>
      </trkpt>
      <trkpt lat="47.759750" lon="6.730410">
        <ele>580</ele>
        <time>2026-01-27T18:44:23+00:00</time>
      </trkpt>
      <trkpt lat="47.759710" lon="6.730440">
        <ele>580</ele>
        <time>2026-01-27T18:44:26+00:00</time>
      </trkpt>
      <trkpt lat="47.759650" lon="6.730460">
        <ele>577</ele>
        <time>2026-01-27T18:44:29+00:00</time>
      </trkpt>
      <trkpt lat="47.759610" lon="6.730490">
        <ele>577</ele>
        <time>2026-01-27T18:44:32+00:00</time>
      </trkpt>
      <trkpt lat="47.759590" lon="6.730480">
        <ele>575</ele>
        <time>2026-01-27T18:44:35+00:00</time>
      </trkpt>
      <trkpt lat="47.759540" lon="6.730520">
        <ele>575</ele>
        <time>2026-01-27T18:44:38+00:00</time>
      </trkpt>
      <trkpt lat="47.759520" lon="6.730510">
        <ele>575</ele>
        <time>2026-01-27T18:44:41+00:00</time>
      </trkpt>
      <trkpt lat="47.759460" lon="6.730560">
        <ele>573</ele>
        <time>2026-01-27T18:44:44+00:00</time>
      </trkpt>
      <trkpt lat="47.759450" lon="6.730610">
        <ele>572</ele>
        <time>2026-01-27T18:44:47+00:00</time>
      </trkpt>
      <trkpt lat="47.759440" lon="6.730570">
        <ele>573</ele>
        <time>2026-01-27T18:44:50+00:00</time>
      </trkpt>
      <trkpt lat="47.759410" lon="6.730590">
        <ele>573</ele>
        <time>2026-01-27T18:44:53+00:00</time>
      </trkpt>
      <trkpt lat="47.759420" lon="6.730620">
        <ele>572</ele>
        <time>2026-01-27T18:44:56+00:00</time>
      </trkpt>
      <trkpt lat="47.759380" lon="6.730590">
        <ele>571</ele>
        <time>2026-01-27T18:44:59+00:00</time>
      </trkpt>
      <trkpt lat="47.759370" lon="6.730570">
        <ele>571</ele>
        <time>2026-01-27T18:45:02+00:00</time>
      </trkpt>
      <trkpt lat="47.759320" lon="6.730590">
        <ele>571</ele>
        <time>2026-01-27T18:45:05+00:00</time>
      </trkpt>
      <trkpt lat="47.759320" lon="6.730630">
        <ele>571</ele>
        <time>2026-01-27T18:45:08+00:00</time>
      </trkpt>
      <trkpt lat="47.759300" lon="6.730670">
        <ele>570</ele>
        <time>2026-01-27T18:45:11+00:00</time>
      </trkpt>
      <trkpt lat="47.759250" lon="6.730650">
        <ele>570</ele>
        <time>2026-01-27T18:45:14+00:00</time>
      </trkpt>
      <trkpt lat="47.759200" lon="6.730620">
        <ele>570</ele>
        <time>2026-01-27T18:45:17+00:00</time>
      </trkpt>
      <trkpt lat="47.759140" lon="6.730640">
        <ele>570</ele>
        <time>2026-01-27T18:45:20+00:00</time>
      </trkpt>
      <trkpt lat="47.759070" lon="6.730710">
        <ele>567</ele>
        <time>2026-01-27T18:45:23+00:00</time>
      </trkpt>
      <trkpt lat="47.759080" lon="6.730760">
        <ele>567</ele>
        <time>2026-01-27T18:45:26+00:00</time>
      </trkpt>
      <trkpt lat="47.759070" lon="6.730770">
        <ele>567</ele>
        <time>2026-01-27T18:45:29+00:00</time>
      </trkpt>
      <trkpt lat="47.759040" lon="6.730780">
        <ele>567</ele>
        <time>2026-01-27T18:45:32+00:00</time>
      </trkpt>
      <trkpt lat="47.759040" lon="6.730790">
        <ele>567</ele>
        <time>2026-01-27T18:45:35+00:00</time>
      </trkpt>
      <trkpt lat="47.759030" lon="6.730790">
        <ele>567</ele>
        <time>2026-01-27T18:45:38+00:00</time>
      </trkpt>
      <trkpt lat="47.759020" lon="6.730810">
        <ele>566</ele>
        <time>2026-01-27T18:45:41+00:00</time>
      </trkpt>
      <trkpt lat="47.758950" lon="6.730810">
        <ele>563</ele>
        <time>2026-01-27T18:45:44+00:00</time>
      </trkpt>
      <trkpt lat="47.758940" lon="6.730850">
        <ele>563</ele>
        <time>2026-01-27T18:45:47+00:00</time>
      </trkpt>
      <trkpt lat="47.758950" lon="6.730850">
        <ele>563</ele>
        <time>2026-01-27T18:45:50+00:00</time>
      </trkpt>
      <trkpt lat="47.758930" lon="6.730900">
        <ele>563</ele>
        <time>2026-01-27T18:45:53+00:00</time>
      </trkpt>
      <trkpt lat="47.758910" lon="6.730920">
        <ele>563</ele>
        <time>2026-01-27T18:45:56+00:00</time>
      </trkpt>
      <trkpt lat="47.758870" lon="6.731000">
        <ele>558</ele>
        <time>2026-01-27T18:45:59+00:00</time>
      </trkpt>
      <trkpt lat="47.758870" lon="6.731010">
        <ele>558</ele>
        <time>2026-01-27T18:46:02+00:00</time>
      </trkpt>
      <trkpt lat="47.758790" lon="6.731120">
        <ele>554</ele>
        <time>2026-01-27T18:46:05+00:00</time>
      </trkpt>
      <trkpt lat="47.758750" lon="6.731130">
        <ele>554</ele>
        <time>2026-01-27T18:46:08+00:00</time>
      </trkpt>
      <trkpt lat="47.758720" lon="6.731190">
        <ele>554</ele>
        <time>2026-01-27T18:46:11+00:00</time>
      </trkpt>
      <trkpt lat="47.758710" lon="6.731190">
        <ele>554</ele>
        <time>2026-01-27T18:46:14+00:00</time>
      </trkpt>
      <trkpt lat="47.758710" lon="6.731200">
        <ele>553</ele>
        <time>2026-01-27T18:46:17+00:00</time>
      </trkpt>
      <trkpt lat="47.758710" lon="6.731190">
        <ele>554</ele>
        <time>2026-01-27T18:46:20+00:00</time>
      </trkpt>
      <trkpt lat="47.758700" lon="6.731190">
        <ele>554</ele>
        <time>2026-01-27T18:46:23+00:00</time>
      </trkpt>
      <trkpt lat="47.758670" lon="6.731230">
        <ele>551</ele>
        <time>2026-01-27T18:46:26+00:00</time>
      </trkpt>
      <trkpt lat="47.758680" lon="6.731270">
        <ele>551</ele>
        <time>2026-01-27T18:46:29+00:00</time>
      </trkpt>
      <trkpt lat="47.758640" lon="6.731380">
        <ele>550</ele>
        <time>2026-01-27T18:46:32+00:00</time>
      </trkpt>
      <trkpt lat="47.758690" lon="6.731460">
        <ele>549</ele>
        <time>2026-01-27T18:46:35+00:00</time>
      </trkpt>
      <trkpt lat="47.758710" lon="6.731480">
        <ele>551</ele>
        <time>2026-01-27T18:46:38+00:00</time>
      </trkpt>
      <trkpt lat="47.758720" lon="6.731510">
        <ele>550</ele>
        <time>2026-01-27T18:46:41+00:00</time>
      </trkpt>
      <trkpt lat="47.758720" lon="6.731540">
        <ele>550</ele>
        <time>2026-01-27T18:46:44+00:00</time>
      </trkpt>
      <trkpt lat="47.758780" lon="6.731600">
        <ele>548</ele>
        <time>2026-01-27T18:46:47+00:00</time>
      </trkpt>
      <trkpt lat="47.758810" lon="6.731600">
        <ele>548</ele>
        <time>2026-01-27T18:46:50+00:00</time>
      </trkpt>
      <trkpt lat="47.758810" lon="6.731610">
        <ele>548</ele>
        <time>2026-01-27T18:46:53+00:00</time>
      </trkpt>
      <trkpt lat="47.758770" lon="6.731620">
        <ele>548</ele>
        <time>2026-01-27T18:46:56+00:00</time>
      </trkpt>
      <trkpt lat="47.758730" lon="6.731640">
        <ele>548</ele>
        <time>2026-01-27T18:46:59+00:00</time>
      </trkpt>
      <trkpt lat="47.758690" lon="6.731730">
        <ele>543</ele>
        <time>2026-01-27T18:47:02+00:00</time>
      </trkpt>
      <trkpt lat="47.758690" lon="6.731810">
        <ele>541</ele>
        <time>2026-01-27T18:47:05+00:00</time>
      </trkpt>
      <trkpt lat="47.758710" lon="6.731970">
        <ele>542</ele>
        <time>2026-01-27T18:47:08+00:00</time>
      </trkpt>
      <trkpt lat="47.758760" lon="6.732170">
        <ele>542</ele>
        <time>2026-01-27T18:47:11+00:00</time>
      </trkpt>
      <trkpt lat="47.758710" lon="6.732180">
        <ele>542</ele>
        <time>2026-01-27T18:47:14+00:00</time>
      </trkpt>
      <trkpt lat="47.758680" lon="6.732230">
        <ele>538</ele>
        <time>2026-01-27T18:47:17+00:00</time>
      </trkpt>
      <trkpt lat="47.758670" lon="6.732290">
        <ele>538</ele>
        <time>2026-01-27T18:47:20+00:00</time>
      </trkpt>
      <trkpt lat="47.758650" lon="6.732360">
        <ele>538</ele>
        <time>2026-01-27T18:47:23+00:00</time>
      </trkpt>
      <trkpt lat="47.758630" lon="6.732490">
        <ele>537</ele>
        <time>2026-01-27T18:47:26+00:00</time>
      </trkpt>
      <trkpt lat="47.758620" lon="6.732520">
        <ele>536</ele>
        <time>2026-01-27T18:47:29+00:00</time>
      </trkpt>
      <trkpt lat="47.758630" lon="6.732560">
        <ele>536</ele>
        <time>2026-01-27T18:47:32+00:00</time>
      </trkpt>
      <trkpt lat="47.758680" lon="6.732640">
        <ele>536</ele>
        <time>2026-01-27T18:47:35+00:00</time>
      </trkpt>
      <trkpt lat="47.758650" lon="6.732680">
        <ele>536</ele>
        <time>2026-01-27T18:47:38+00:00</time>
      </trkpt>
      <trkpt lat="47.758600" lon="6.732700">
        <ele>526</ele>
        <time>2026-01-27T18:47:41+00:00</time>
      </trkpt>
      <trkpt lat="47.758560" lon="6.732630">
        <ele>529</ele>
        <time>2026-01-27T18:47:44+00:00</time>
      </trkpt>
      <trkpt lat="47.758520" lon="6.732630">
        <ele>529</ele>
        <time>2026-01-27T18:47:47+00:00</time>
      </trkpt>
      <trkpt lat="47.758520" lon="6.732640">
        <ele>529</ele>
        <time>2026-01-27T18:47:50+00:00</time>
      </trkpt>
      <trkpt lat="47.758540" lon="6.732660">
        <ele>529</ele>
        <time>2026-01-27T18:47:53+00:00</time>
      </trkpt>
      <trkpt lat="47.758480" lon="6.732720">
        <ele>523</ele>
        <time>2026-01-27T18:47:56+00:00</time>
      </trkpt>
      <trkpt lat="47.758420" lon="6.732860">
        <ele>521</ele>
        <time>2026-01-27T18:47:59+00:00</time>
      </trkpt>
      <trkpt lat="47.758420" lon="6.732810">
        <ele>521</ele>
        <time>2026-01-27T18:48:02+00:00</time>
      </trkpt>
      <trkpt lat="47.758410" lon="6.732810">
        <ele>521</ele>
        <time>2026-01-27T18:48:05+00:00</time>
      </trkpt>
      <trkpt lat="47.758410" lon="6.732780">
        <ele>523</ele>
        <time>2026-01-27T18:48:08+00:00</time>
      </trkpt>
      <trkpt lat="47.758400" lon="6.732840">
        <ele>518</ele>
        <time>2026-01-27T18:48:11+00:00</time>
      </trkpt>
      <trkpt lat="47.758380" lon="6.732910">
        <ele>517</ele>
        <time>2026-01-27T18:48:14+00:00</time>
      </trkpt>
      <trkpt lat="47.758370" lon="6.732930">
        <ele>517</ele>
        <time>2026-01-27T18:48:17+00:00</time>
      </trkpt>
      <trkpt lat="47.758340" lon="6.732950">
        <ele>517</ele>
        <time>2026-01-27T18:48:20+00:00</time>
      </trkpt>
      <trkpt lat="47.758300" lon="6.733020">
        <ele>517</ele>
        <time>2026-01-27T18:48:23+00:00</time>
      </trkpt>
      <trkpt lat="47.758280" lon="6.733080">
        <ele>515</ele>
        <time>2026-01-27T18:48:26+00:00</time>
      </trkpt>
      <trkpt lat="47.758240" lon="6.733380">
        <ele>515</ele>
        <time>2026-01-27T18:48:29+00:00</time>
      </trkpt>
      <trkpt lat="47.758250" lon="6.733470">
        <ele>514</ele>
        <time>2026-01-27T18:48:32+00:00</time>
      </trkpt>
      <trkpt lat="47.758310" lon="6.733680">
        <ele>514</ele>
        <time>2026-01-27T18:48:35+00:00</time>
      </trkpt>
      <trkpt lat="47.758390" lon="6.733880">
        <ele>512</ele>
        <time>2026-01-27T18:48:38+00:00</time>
      </trkpt>
      <trkpt lat="47.758460" lon="6.734120">
        <ele>511</ele>
        <time>2026-01-27T18:48:41+00:00</time>
      </trkpt>
      <trkpt lat="47.758470" lon="6.734300">
        <ele>510</ele>
        <time>2026-01-27T18:48:44+00:00</time>
      </trkpt>
      <trkpt lat="47.758490" lon="6.734460">
        <ele>510</ele>
        <time>2026-01-27T18:48:47+00:00</time>
      </trkpt>
      <trkpt lat="47.758530" lon="6.734580">
        <ele>509</ele>
        <time>2026-01-27T18:48:50+00:00</time>
      </trkpt>
      <trkpt lat="47.758600" lon="6.734760">
        <ele>508</ele>
        <time>2026-01-27T18:48:53+00:00</time>
      </trkpt>
      <trkpt lat="47.758610" lon="6.734830">
        <ele>507</ele>
        <time>2026-01-27T18:48:56+00:00</time>
      </trkpt>
      <trkpt lat="47.758710" lon="6.735210">
        <ele>505</ele>
        <time>2026-01-27T18:48:59+00:00</time>
      </trkpt>
      <trkpt lat="47.758710" lon="6.735430">
        <ele>505</ele>
        <time>2026-01-27T18:49:02+00:00</time>
      </trkpt>
      <trkpt lat="47.758700" lon="6.735610">
        <ele>504</ele>
        <time>2026-01-27T18:49:05+00:00</time>
      </trkpt>
      <trkpt lat="47.758680" lon="6.735770">
        <ele>503</ele>
        <time>2026-01-27T18:49:08+00:00</time>
      </trkpt>
      <trkpt lat="47.758660" lon="6.735870">
        <ele>503</ele>
        <time>2026-01-27T18:49:11+00:00</time>
      </trkpt>
      <trkpt lat="47.758610" lon="6.736040">
        <ele>502</ele>
        <time>2026-01-27T18:49:14+00:00</time>
      </trkpt>
      <trkpt lat="47.758580" lon="6.736240">
        <ele>499</ele>
        <time>2026-01-27T18:49:17+00:00</time>
      </trkpt>
      <trkpt lat="47.758560" lon="6.736460">
        <ele>499</ele>
        <time>2026-01-27T18:49:20+00:00</time>
      </trkpt>
      <trkpt lat="47.758570" lon="6.736710">
        <ele>498</ele>
        <time>2026-01-27T18:49:23+00:00</time>
      </trkpt>
      <trkpt lat="47.758560" lon="6.736840">
        <ele>498</ele>
        <time>2026-01-27T18:49:26+00:00</time>
      </trkpt>
      <trkpt lat="47.758510" lon="6.737110">
        <ele>497</ele>
        <time>2026-01-27T18:49:29+00:00</time>
      </trkpt>
      <trkpt lat="47.758430" lon="6.737360">
        <ele>496</ele>
        <time>2026-01-27T18:49:32+00:00</time>
      </trkpt>
      <trkpt lat="47.758400" lon="6.737480">
        <ele>495</ele>
        <time>2026-01-27T18:49:35+00:00</time>
      </trkpt>
      <trkpt lat="47.758380" lon="6.737540">
        <ele>495</ele>
        <time>2026-01-27T18:49:38+00:00</time>
      </trkpt>
      <trkpt lat="47.758340" lon="6.737610">
        <ele>494</ele>
        <time>2026-01-27T18:49:41+00:00</time>
      </trkpt>
      <trkpt lat="47.758160" lon="6.737820">
        <ele>493</ele>
        <time>2026-01-27T18:49:44+00:00</time>
      </trkpt>
      <trkpt lat="47.758080" lon="6.737950">
        <ele>492</ele>
        <time>2026-01-27T18:49:47+00:00</time>
      </trkpt>
      <trkpt lat="47.758060" lon="6.738010">
        <ele>491</ele>
        <time>2026-01-27T18:49:50+00:00</time>
      </trkpt>
      <trkpt lat="47.758060" lon="6.738040">
        <ele>491</ele>
        <time>2026-01-27T18:49:53+00:00</time>
      </trkpt>
      <trkpt lat="47.758040" lon="6.738130">
        <ele>491</ele>
        <time>2026-01-27T18:49:56+00:00</time>
      </trkpt>
      <trkpt lat="47.758010" lon="6.738360">
        <ele>490</ele>
        <time>2026-01-27T18:49:59+00:00</time>
      </trkpt>
      <trkpt lat="47.757950" lon="6.738590">
        <ele>490</ele>
        <time>2026-01-27T18:50:02+00:00</time>
      </trkpt>
      <trkpt lat="47.757920" lon="6.738660">
        <ele>489</ele>
        <time>2026-01-27T18:50:05+00:00</time>
      </trkpt>
      <trkpt lat="47.757860" lon="6.738850">
        <ele>489</ele>
        <time>2026-01-27T18:50:08+00:00</time>
      </trkpt>
      <trkpt lat="47.757850" lon="6.738910">
        <ele>489</ele>
        <time>2026-01-27T18:50:11+00:00</time>
      </trkpt>
      <trkpt lat="47.757920" lon="6.739030">
        <ele>489</ele>
        <time>2026-01-27T18:50:14+00:00</time>
      </trkpt>
      <trkpt lat="47.757960" lon="6.739070">
        <ele>489</ele>
        <time>2026-01-27T18:50:17+00:00</time>
      </trkpt>
      <trkpt lat="47.758010" lon="6.739140">
        <ele>489</ele>
        <time>2026-01-27T18:50:20+00:00</time>
      </trkpt>
      <trkpt lat="47.758070" lon="6.739180">
        <ele>489</ele>
        <time>2026-01-27T18:50:23+00:00</time>
      </trkpt>
      <trkpt lat="47.758170" lon="6.739360">
        <ele>489</ele>
        <time>2026-01-27T18:50:26+00:00</time>
      </trkpt>
      <trkpt lat="47.758320" lon="6.739590">
        <ele>490</ele>
        <time>2026-01-27T18:50:29+00:00</time>
      </trkpt>
      <trkpt lat="47.758410" lon="6.739670">
        <ele>490</ele>
        <time>2026-01-27T18:50:32+00:00</time>
      </trkpt>
      <trkpt lat="47.758470" lon="6.739770">
        <ele>490</ele>
        <time>2026-01-27T18:50:35+00:00</time>
      </trkpt>
      <trkpt lat="47.758510" lon="6.739860">
        <ele>490</ele>
        <time>2026-01-27T18:50:38+00:00</time>
      </trkpt>
      <trkpt lat="47.758490" lon="6.739950">
        <ele>490</ele>
        <time>2026-01-27T18:50:41+00:00</time>
      </trkpt>
      <trkpt lat="47.758420" lon="6.740150">
        <ele>490</ele>
        <time>2026-01-27T18:50:44+00:00</time>
      </trkpt>
      <trkpt lat="47.758370" lon="6.740260">
        <ele>490</ele>
        <time>2026-01-27T18:50:47+00:00</time>
      </trkpt>
      <trkpt lat="47.758350" lon="6.740270">
        <ele>490</ele>
        <time>2026-01-27T18:50:50+00:00</time>
      </trkpt>
      <trkpt lat="47.758290" lon="6.740390">
        <ele>490</ele>
        <time>2026-01-27T18:50:53+00:00</time>
      </trkpt>
      <trkpt lat="47.758230" lon="6.740490">
        <ele>489</ele>
        <time>2026-01-27T18:50:56+00:00</time>
      </trkpt>
      <trkpt lat="47.758190" lon="6.740570">
        <ele>488</ele>
        <time>2026-01-27T18:50:59+00:00</time>
      </trkpt>
      <trkpt lat="47.758160" lon="6.740650">
        <ele>490</ele>
        <time>2026-01-27T18:51:02+00:00</time>
      </trkpt>
      <trkpt lat="47.758140" lon="6.740740">
        <ele>490</ele>
        <time>2026-01-27T18:51:05+00:00</time>
      </trkpt>
      <trkpt lat="47.758120" lon="6.740890">
        <ele>490</ele>
        <time>2026-01-27T18:51:08+00:00</time>
      </trkpt>
      <trkpt lat="47.758110" lon="6.741050">
        <ele>490</ele>
        <time>2026-01-27T18:51:11+00:00</time>
      </trkpt>
      <trkpt lat="47.758090" lon="6.741120">
        <ele>489</ele>
        <time>2026-01-27T18:51:14+00:00</time>
      </trkpt>
      <trkpt lat="47.758090" lon="6.741280">
        <ele>489</ele>
        <time>2026-01-27T18:51:17+00:00</time>
      </trkpt>
      <trkpt lat="47.758070" lon="6.741460">
        <ele>490</ele>
        <time>2026-01-27T18:51:20+00:00</time>
      </trkpt>
      <trkpt lat="47.758050" lon="6.741570">
        <ele>489</ele>
        <time>2026-01-27T18:51:23+00:00</time>
      </trkpt>
      <trkpt lat="47.758060" lon="6.741610">
        <ele>490</ele>
        <time>2026-01-27T18:51:26+00:00</time>
      </trkpt>
      <trkpt lat="47.758050" lon="6.741770">
        <ele>490</ele>
        <time>2026-01-27T18:51:29+00:00</time>
      </trkpt>
      <trkpt lat="47.758080" lon="6.741970">
        <ele>491</ele>
        <time>2026-01-27T18:51:32+00:00</time>
      </trkpt>
      <trkpt lat="47.758200" lon="6.742350">
        <ele>492</ele>
        <time>2026-01-27T18:51:35+00:00</time>
      </trkpt>
      <trkpt lat="47.758290" lon="6.742500">
        <ele>492</ele>
        <time>2026-01-27T18:51:38+00:00</time>
      </trkpt>
      <trkpt lat="47.758390" lon="6.742650">
        <ele>493</ele>
        <time>2026-01-27T18:51:41+00:00</time>
      </trkpt>
      <trkpt lat="47.758480" lon="6.742730">
        <ele>493</ele>
        <time>2026-01-27T18:51:44+00:00</time>
      </trkpt>
      <trkpt lat="47.758550" lon="6.742820">
        <ele>493</ele>
        <time>2026-01-27T18:51:47+00:00</time>
      </trkpt>
      <trkpt lat="47.758670" lon="6.742900">
        <ele>493</ele>
        <time>2026-01-27T18:51:50+00:00</time>
      </trkpt>
      <trkpt lat="47.758720" lon="6.742950">
        <ele>493</ele>
        <time>2026-01-27T18:51:53+00:00</time>
      </trkpt>
      <trkpt lat="47.758780" lon="6.742970">
        <ele>493</ele>
        <time>2026-01-27T18:51:56+00:00</time>
      </trkpt>
      <trkpt lat="47.758850" lon="6.743010">
        <ele>494</ele>
        <time>2026-01-27T18:51:59+00:00</time>
      </trkpt>
      <trkpt lat="47.758950" lon="6.743100">
        <ele>494</ele>
        <time>2026-01-27T18:52:02+00:00</time>
      </trkpt>
      <trkpt lat="47.759050" lon="6.743170">
        <ele>494</ele>
        <time>2026-01-27T18:52:05+00:00</time>
      </trkpt>
      <trkpt lat="47.759030" lon="6.743520">
        <ele>495</ele>
        <time>2026-01-27T18:52:08+00:00</time>
      </trkpt>
      <trkpt lat="47.758960" lon="6.743790">
        <ele>497</ele>
        <time>2026-01-27T18:52:11+00:00</time>
      </trkpt>
      <trkpt lat="47.758870" lon="6.743950">
        <ele>500</ele>
        <time>2026-01-27T18:52:14+00:00</time>
      </trkpt>
      <trkpt lat="47.758850" lon="6.744000">
        <ele>502</ele>
        <time>2026-01-27T18:52:17+00:00</time>
      </trkpt>
      <trkpt lat="47.758850" lon="6.744060">
        <ele>502</ele>
        <time>2026-01-27T18:52:20+00:00</time>
      </trkpt>
      <trkpt lat="47.758830" lon="6.744090">
        <ele>502</ele>
        <time>2026-01-27T18:52:23+00:00</time>
      </trkpt>
      <trkpt lat="47.758750" lon="6.744160">
        <ele>503</ele>
        <time>2026-01-27T18:52:26+00:00</time>
      </trkpt>
      <trkpt lat="47.758750" lon="6.744270">
        <ele>506</ele>
        <time>2026-01-27T18:52:29+00:00</time>
      </trkpt>
      <trkpt lat="47.758720" lon="6.744350">
        <ele>507</ele>
        <time>2026-01-27T18:52:32+00:00</time>
      </trkpt>
      <trkpt lat="47.758570" lon="6.744470">
        <ele>512</ele>
        <time>2026-01-27T18:52:35+00:00</time>
      </trkpt>
      <trkpt lat="47.758540" lon="6.744510">
        <ele>515</ele>
        <time>2026-01-27T18:52:38+00:00</time>
      </trkpt>
      <trkpt lat="47.758480" lon="6.744520">
        <ele>516</ele>
        <time>2026-01-27T18:52:41+00:00</time>
      </trkpt>
      <trkpt lat="47.758430" lon="6.744520">
        <ele>516</ele>
        <time>2026-01-27T18:52:44+00:00</time>
      </trkpt>
      <trkpt lat="47.758400" lon="6.744530">
        <ele>517</ele>
        <time>2026-01-27T18:52:47+00:00</time>
      </trkpt>
      <trkpt lat="47.758300" lon="6.744610">
        <ele>519</ele>
        <time>2026-01-27T18:52:50+00:00</time>
      </trkpt>
      <trkpt lat="47.758260" lon="6.744630">
        <ele>522</ele>
        <time>2026-01-27T18:52:53+00:00</time>
      </trkpt>
      <trkpt lat="47.758160" lon="6.744660">
        <ele>524</ele>
        <time>2026-01-27T18:52:56+00:00</time>
      </trkpt>
      <trkpt lat="47.758120" lon="6.744660">
        <ele>524</ele>
        <time>2026-01-27T18:52:59+00:00</time>
      </trkpt>
      <trkpt lat="47.758110" lon="6.744700">
        <ele>526</ele>
        <time>2026-01-27T18:53:02+00:00</time>
      </trkpt>
      <trkpt lat="47.758130" lon="6.744730">
        <ele>526</ele>
        <time>2026-01-27T18:53:05+00:00</time>
      </trkpt>
      <trkpt lat="47.758130" lon="6.744780">
        <ele>526</ele>
        <time>2026-01-27T18:53:08+00:00</time>
      </trkpt>
      <trkpt lat="47.758140" lon="6.744800">
        <ele>532</ele>
        <time>2026-01-27T18:53:11+00:00</time>
      </trkpt>
      <trkpt lat="47.758130" lon="6.744870">
        <ele>532</ele>
        <time>2026-01-27T18:53:14+00:00</time>
      </trkpt>
      <trkpt lat="47.758140" lon="6.744940">
        <ele>533</ele>
        <time>2026-01-27T18:53:17+00:00</time>
      </trkpt>
      <trkpt lat="47.758140" lon="6.744980">
        <ele>533</ele>
        <time>2026-01-27T18:53:20+00:00</time>
      </trkpt>
      <trkpt lat="47.758060" lon="6.745010">
        <ele>537</ele>
        <time>2026-01-27T18:53:23+00:00</time>
      </trkpt>
      <trkpt lat="47.758020" lon="6.745050">
        <ele>537</ele>
        <time>2026-01-27T18:53:26+00:00</time>
      </trkpt>
      <trkpt lat="47.757940" lon="6.745150">
        <ele>540</ele>
        <time>2026-01-27T18:53:29+00:00</time>
      </trkpt>
      <trkpt lat="47.757820" lon="6.745180">
        <ele>541</ele>
        <time>2026-01-27T18:53:32+00:00</time>
      </trkpt>
      <trkpt lat="47.757690" lon="6.745240">
        <ele>546</ele>
        <time>2026-01-27T18:53:35+00:00</time>
      </trkpt>
      <trkpt lat="47.757620" lon="6.745260">
        <ele>546</ele>
        <time>2026-01-27T18:53:38+00:00</time>
      </trkpt>
      <trkpt lat="47.757530" lon="6.745340">
        <ele>547</ele>
        <time>2026-01-27T18:53:41+00:00</time>
      </trkpt>
      <trkpt lat="47.757450" lon="6.745380">
        <ele>546</ele>
        <time>2026-01-27T18:53:44+00:00</time>
      </trkpt>
      <trkpt lat="47.757320" lon="6.745400">
        <ele>545</ele>
        <time>2026-01-27T18:53:47+00:00</time>
      </trkpt>
      <trkpt lat="47.757200" lon="6.745400">
        <ele>549</ele>
        <time>2026-01-27T18:53:50+00:00</time>
      </trkpt>
      <trkpt lat="47.757170" lon="6.745410">
        <ele>549</ele>
        <time>2026-01-27T18:53:53+00:00</time>
      </trkpt>
      <trkpt lat="47.757110" lon="6.745410">
        <ele>549</ele>
        <time>2026-01-27T18:53:56+00:00</time>
      </trkpt>
      <trkpt lat="47.757040" lon="6.745420">
        <ele>553</ele>
        <time>2026-01-27T18:53:59+00:00</time>
      </trkpt>
      <trkpt lat="47.757000" lon="6.745440">
        <ele>553</ele>
        <time>2026-01-27T18:54:02+00:00</time>
      </trkpt>
      <trkpt lat="47.756800" lon="6.745600">
        <ele>560</ele>
        <time>2026-01-27T18:54:05+00:00</time>
      </trkpt>
      <trkpt lat="47.756770" lon="6.745610">
        <ele>564</ele>
        <time>2026-01-27T18:54:08+00:00</time>
      </trkpt>
      <trkpt lat="47.756740" lon="6.745600">
        <ele>564</ele>
        <time>2026-01-27T18:54:11+00:00</time>
      </trkpt>
      <trkpt lat="47.756650" lon="6.745630">
        <ele>566</ele>
        <time>2026-01-27T18:54:14+00:00</time>
      </trkpt>
      <trkpt lat="47.756540" lon="6.745760">
        <ele>567</ele>
        <time>2026-01-27T18:54:17+00:00</time>
      </trkpt>
      <trkpt lat="47.756460" lon="6.745910">
        <ele>569</ele>
        <time>2026-01-27T18:54:20+00:00</time>
      </trkpt>
      <trkpt lat="47.756370" lon="6.746170">
        <ele>569</ele>
        <time>2026-01-27T18:54:23+00:00</time>
      </trkpt>
      <trkpt lat="47.756350" lon="6.746200">
        <ele>569</ele>
        <time>2026-01-27T18:54:26+00:00</time>
      </trkpt>
      <trkpt lat="47.756330" lon="6.746310">
        <ele>570</ele>
        <time>2026-01-27T18:54:29+00:00</time>
      </trkpt>
      <trkpt lat="47.756320" lon="6.746510">
        <ele>572</ele>
        <time>2026-01-27T18:54:32+00:00</time>
      </trkpt>
      <trkpt lat="47.756440" lon="6.747010">
        <ele>577</ele>
        <time>2026-01-27T18:54:35+00:00</time>
      </trkpt>
      <trkpt lat="47.756470" lon="6.747240">
        <ele>579</ele>
        <time>2026-01-27T18:54:38+00:00</time>
      </trkpt>
      <trkpt lat="47.756470" lon="6.747390">
        <ele>581</ele>
        <time>2026-01-27T18:54:41+00:00</time>
      </trkpt>
      <trkpt lat="47.756420" lon="6.747580">
        <ele>584</ele>
        <time>2026-01-27T18:54:44+00:00</time>
      </trkpt>
      <trkpt lat="47.756350" lon="6.747750">
        <ele>586</ele>
        <time>2026-01-27T18:54:47+00:00</time>
      </trkpt>
      <trkpt lat="47.756250" lon="6.747920">
        <ele>589</ele>
        <time>2026-01-27T18:54:50+00:00</time>
      </trkpt>
      <trkpt lat="47.756120" lon="6.748060">
        <ele>593</ele>
        <time>2026-01-27T18:54:53+00:00</time>
      </trkpt>
      <trkpt lat="47.755900" lon="6.748190">
        <ele>594</ele>
        <time>2026-01-27T18:54:56+00:00</time>
      </trkpt>
      <trkpt lat="47.755780" lon="6.748250">
        <ele>595</ele>
        <time>2026-01-27T18:54:59+00:00</time>
      </trkpt>
      <trkpt lat="47.755690" lon="6.748310">
        <ele>596</ele>
        <time>2026-01-27T18:55:02+00:00</time>
      </trkpt>
      <trkpt lat="47.755530" lon="6.748470">
        <ele>597</ele>
        <time>2026-01-27T18:55:05+00:00</time>
      </trkpt>
      <trkpt lat="47.755400" lon="6.748610">
        <ele>597</ele>
        <time>2026-01-27T18:55:08+00:00</time>
      </trkpt>
      <trkpt lat="47.755240" lon="6.748720">
        <ele>599</ele>
        <time>2026-01-27T18:55:11+00:00</time>
      </trkpt>
      <trkpt lat="47.755000" lon="6.748860">
        <ele>599</ele>
        <time>2026-01-27T18:55:14+00:00</time>
      </trkpt>
      <trkpt lat="47.754900" lon="6.748950">
        <ele>602</ele>
        <time>2026-01-27T18:55:17+00:00</time>
      </trkpt>
      <trkpt lat="47.754750" lon="6.749130">
        <ele>604</ele>
        <time>2026-01-27T18:55:20+00:00</time>
      </trkpt>
      <trkpt lat="47.754670" lon="6.749300">
        <ele>607</ele>
        <time>2026-01-27T18:55:23+00:00</time>
      </trkpt>
      <trkpt lat="47.754600" lon="6.749510">
        <ele>608</ele>
        <time>2026-01-27T18:55:26+00:00</time>
      </trkpt>
      <trkpt lat="47.754530" lon="6.749720">
        <ele>609</ele>
        <time>2026-01-27T18:55:29+00:00</time>
      </trkpt>
      <trkpt lat="47.754480" lon="6.749840">
        <ele>610</ele>
        <time>2026-01-27T18:55:32+00:00</time>
      </trkpt>
      <trkpt lat="47.754430" lon="6.749990">
        <ele>611</ele>
        <time>2026-01-27T18:55:35+00:00</time>
      </trkpt>
      <trkpt lat="47.754390" lon="6.750080">
        <ele>612</ele>
        <time>2026-01-27T18:55:38+00:00</time>
      </trkpt>
      <trkpt lat="47.754320" lon="6.750340">
        <ele>614</ele>
        <time>2026-01-27T18:55:41+00:00</time>
      </trkpt>
      <trkpt lat="47.754270" lon="6.750410">
        <ele>616</ele>
        <time>2026-01-27T18:55:44+00:00</time>
      </trkpt>
      <trkpt lat="47.754220" lon="6.750510">
        <ele>617</ele>
        <time>2026-01-27T18:55:47+00:00</time>
      </trkpt>
      <trkpt lat="47.754150" lon="6.750670">
        <ele>618</ele>
        <time>2026-01-27T18:55:50+00:00</time>
      </trkpt>
      <trkpt lat="47.754130" lon="6.750690">
        <ele>618</ele>
        <time>2026-01-27T18:55:53+00:00</time>
      </trkpt>
      <trkpt lat="47.754010" lon="6.750930">
        <ele>618</ele>
        <time>2026-01-27T18:55:56+00:00</time>
      </trkpt>
      <trkpt lat="47.753990" lon="6.751010">
        <ele>617</ele>
        <time>2026-01-27T18:55:59+00:00</time>
      </trkpt>
      <trkpt lat="47.753980" lon="6.751130">
        <ele>618</ele>
        <time>2026-01-27T18:56:02+00:00</time>
      </trkpt>
      <trkpt lat="47.753880" lon="6.751330">
        <ele>619</ele>
        <time>2026-01-27T18:56:05+00:00</time>
      </trkpt>
      <trkpt lat="47.753820" lon="6.751410">
        <ele>619</ele>
        <time>2026-01-27T18:56:08+00:00</time>
      </trkpt>
      <trkpt lat="47.753780" lon="6.751430">
        <ele>620</ele>
        <time>2026-01-27T18:56:11+00:00</time>
      </trkpt>
      <trkpt lat="47.753700" lon="6.751450">
        <ele>620</ele>
        <time>2026-01-27T18:56:14+00:00</time>
      </trkpt>
      <trkpt lat="47.753500" lon="6.751520">
        <ele>620</ele>
        <time>2026-01-27T18:56:17+00:00</time>
      </trkpt>
      <trkpt lat="47.753430" lon="6.751560">
        <ele>621</ele>
        <time>2026-01-27T18:56:20+00:00</time>
      </trkpt>
      <trkpt lat="47.753330" lon="6.751650">
        <ele>623</ele>
        <time>2026-01-27T18:56:23+00:00</time>
      </trkpt>
      <trkpt lat="47.753300" lon="6.751670">
        <ele>624</ele>
        <time>2026-01-27T18:56:26+00:00</time>
      </trkpt>
      <trkpt lat="47.753250" lon="6.751690">
        <ele>624</ele>
        <time>2026-01-27T18:56:29+00:00</time>
      </trkpt>
      <trkpt lat="47.753210" lon="6.751690">
        <ele>624</ele>
        <time>2026-01-27T18:56:32+00:00</time>
      </trkpt>
      <trkpt lat="47.753120" lon="6.751600">
        <ele>627</ele>
        <time>2026-01-27T18:56:35+00:00</time>
      </trkpt>
      <trkpt lat="47.753070" lon="6.751530">
        <ele>629</ele>
        <time>2026-01-27T18:56:38+00:00</time>
      </trkpt>
      <trkpt lat="47.753050" lon="6.751420">
        <ele>629</ele>
        <time>2026-01-27T18:56:41+00:00</time>
      </trkpt>
      <trkpt lat="47.753010" lon="6.751280">
        <ele>628</ele>
        <time>2026-01-27T18:56:44+00:00</time>
      </trkpt>
      <trkpt lat="47.752850" lon="6.751000">
        <ele>633</ele>
        <time>2026-01-27T18:56:47+00:00</time>
      </trkpt>
      <trkpt lat="47.752810" lon="6.750820">
        <ele>633</ele>
        <time>2026-01-27T18:56:50+00:00</time>
      </trkpt>
      <trkpt lat="47.752780" lon="6.750540">
        <ele>633</ele>
        <time>2026-01-27T18:56:53+00:00</time>
      </trkpt>
      <trkpt lat="47.752740" lon="6.750410">
        <ele>633</ele>
        <time>2026-01-27T18:56:56+00:00</time>
      </trkpt>
      <trkpt lat="47.752600" lon="6.750020">
        <ele>640</ele>
        <time>2026-01-27T18:56:59+00:00</time>
      </trkpt>
      <trkpt lat="47.752550" lon="6.749910">
        <ele>641</ele>
        <time>2026-01-27T18:57:02+00:00</time>
      </trkpt>
      <trkpt lat="47.752530" lon="6.749790">
        <ele>641</ele>
        <time>2026-01-27T18:57:05+00:00</time>
      </trkpt>
      <trkpt lat="47.752530" lon="6.749630">
        <ele>641</ele>
        <time>2026-01-27T18:57:08+00:00</time>
      </trkpt>
      <trkpt lat="47.752520" lon="6.749540">
        <ele>642</ele>
        <time>2026-01-27T18:57:11+00:00</time>
      </trkpt>
      <trkpt lat="47.752530" lon="6.749460">
        <ele>642</ele>
        <time>2026-01-27T18:57:14+00:00</time>
      </trkpt>
      <trkpt lat="47.752530" lon="6.749420">
        <ele>642</ele>
        <time>2026-01-27T18:57:17+00:00</time>
      </trkpt>
      <trkpt lat="47.752550" lon="6.749370">
        <ele>639</ele>
        <time>2026-01-27T18:57:20+00:00</time>
      </trkpt>
      <trkpt lat="47.752610" lon="6.749050">
        <ele>640</ele>
        <time>2026-01-27T18:57:23+00:00</time>
      </trkpt>
      <trkpt lat="47.752620" lon="6.748970">
        <ele>636</ele>
        <time>2026-01-27T18:57:26+00:00</time>
      </trkpt>
      <trkpt lat="47.752610" lon="6.748910">
        <ele>636</ele>
        <time>2026-01-27T18:57:29+00:00</time>
      </trkpt>
      <trkpt lat="47.752590" lon="6.748910">
        <ele>641</ele>
        <time>2026-01-27T18:57:32+00:00</time>
      </trkpt>
      <trkpt lat="47.752570" lon="6.748930">
        <ele>641</ele>
        <time>2026-01-27T18:57:35+00:00</time>
      </trkpt>
      <trkpt lat="47.752540" lon="6.748980">
        <ele>641</ele>
        <time>2026-01-27T18:57:38+00:00</time>
      </trkpt>
      <trkpt lat="47.752510" lon="6.749060">
        <ele>641</ele>
        <time>2026-01-27T18:57:41+00:00</time>
      </trkpt>
      <trkpt lat="47.752470" lon="6.749140">
        <ele>645</ele>
        <time>2026-01-27T18:57:44+00:00</time>
      </trkpt>
      <trkpt lat="47.752420" lon="6.749210">
        <ele>645</ele>
        <time>2026-01-27T18:57:47+00:00</time>
      </trkpt>
      <trkpt lat="47.752380" lon="6.749310">
        <ele>649</ele>
        <time>2026-01-27T18:57:50+00:00</time>
      </trkpt>
      <trkpt lat="47.752240" lon="6.749500">
        <ele>654</ele>
        <time>2026-01-27T18:57:53+00:00</time>
      </trkpt>
      <trkpt lat="47.752200" lon="6.749560">
        <ele>654</ele>
        <time>2026-01-27T18:57:56+00:00</time>
      </trkpt>
      <trkpt lat="47.752140" lon="6.749670">
        <ele>659</ele>
        <time>2026-01-27T18:57:59+00:00</time>
      </trkpt>
      <trkpt lat="47.752040" lon="6.750040">
        <ele>663</ele>
        <time>2026-01-27T18:58:02+00:00</time>
      </trkpt>
      <trkpt lat="47.751990" lon="6.750170">
        <ele>669</ele>
        <time>2026-01-27T18:58:05+00:00</time>
      </trkpt>
      <trkpt lat="47.751960" lon="6.750270">
        <ele>669</ele>
        <time>2026-01-27T18:58:08+00:00</time>
      </trkpt>
      <trkpt lat="47.751910" lon="6.750390">
        <ele>668</ele>
        <time>2026-01-27T18:58:11+00:00</time>
      </trkpt>
      <trkpt lat="47.751880" lon="6.750520">
        <ele>671</ele>
        <time>2026-01-27T18:58:14+00:00</time>
      </trkpt>
      <trkpt lat="47.751750" lon="6.750840">
        <ele>671</ele>
        <time>2026-01-27T18:58:17+00:00</time>
      </trkpt>
      <trkpt lat="47.751750" lon="6.750910">
        <ele>675</ele>
        <time>2026-01-27T18:58:20+00:00</time>
      </trkpt>
      <trkpt lat="47.751720" lon="6.751010">
        <ele>674</ele>
        <time>2026-01-27T18:58:23+00:00</time>
      </trkpt>
      <trkpt lat="47.751700" lon="6.751110">
        <ele>674</ele>
        <time>2026-01-27T18:58:26+00:00</time>
      </trkpt>
      <trkpt lat="47.751690" lon="6.751300">
        <ele>681</ele>
        <time>2026-01-27T18:58:29+00:00</time>
      </trkpt>
      <trkpt lat="47.751640" lon="6.751730">
        <ele>683</ele>
        <time>2026-01-27T18:58:32+00:00</time>
      </trkpt>
      <trkpt lat="47.751600" lon="6.751860">
        <ele>687</ele>
        <time>2026-01-27T18:58:35+00:00</time>
      </trkpt>
      <trkpt lat="47.751590" lon="6.752010">
        <ele>688</ele>
        <time>2026-01-27T18:58:38+00:00</time>
      </trkpt>
      <trkpt lat="47.751590" lon="6.752280">
        <ele>689</ele>
        <time>2026-01-27T18:58:41+00:00</time>
      </trkpt>
      <trkpt lat="47.751570" lon="6.752340">
        <ele>689</ele>
        <time>2026-01-27T18:58:44+00:00</time>
      </trkpt>
      <trkpt lat="47.751530" lon="6.752630">
        <ele>691</ele>
        <time>2026-01-27T18:58:47+00:00</time>
      </trkpt>
      <trkpt lat="47.751510" lon="6.752870">
        <ele>691</ele>
        <time>2026-01-27T18:58:50+00:00</time>
      </trkpt>
      <trkpt lat="47.751460" lon="6.753100">
        <ele>696</ele>
        <time>2026-01-27T18:58:53+00:00</time>
      </trkpt>
      <trkpt lat="47.751450" lon="6.753180">
        <ele>696</ele>
        <time>2026-01-27T18:58:56+00:00</time>
      </trkpt>
      <trkpt lat="47.751430" lon="6.753250">
        <ele>696</ele>
        <time>2026-01-27T18:58:59+00:00</time>
      </trkpt>
      <trkpt lat="47.751360" lon="6.753400">
        <ele>702</ele>
        <time>2026-01-27T18:59:02+00:00</time>
      </trkpt>
      <trkpt lat="47.751290" lon="6.753610">
        <ele>705</ele>
        <time>2026-01-27T18:59:05+00:00</time>
      </trkpt>
      <trkpt lat="47.751270" lon="6.753740">
        <ele>705</ele>
        <time>2026-01-27T18:59:08+00:00</time>
      </trkpt>
      <trkpt lat="47.751250" lon="6.753830">
        <ele>705</ele>
        <time>2026-01-27T18:59:11+00:00</time>
      </trkpt>
      <trkpt lat="47.751230" lon="6.753870">
        <ele>705</ele>
        <time>2026-01-27T18:59:14+00:00</time>
      </trkpt>
      <trkpt lat="47.751210" lon="6.753960">
        <ele>704</ele>
        <time>2026-01-27T18:59:17+00:00</time>
      </trkpt>
      <trkpt lat="47.751180" lon="6.754030">
        <ele>708</ele>
        <time>2026-01-27T18:59:20+00:00</time>
      </trkpt>
      <trkpt lat="47.751150" lon="6.754150">
        <ele>707</ele>
        <time>2026-01-27T18:59:23+00:00</time>
      </trkpt>
      <trkpt lat="47.751130" lon="6.754180">
        <ele>707</ele>
        <time>2026-01-27T18:59:26+00:00</time>
      </trkpt>
      <trkpt lat="47.751090" lon="6.754340">
        <ele>711</ele>
        <time>2026-01-27T18:59:29+00:00</time>
      </trkpt>
      <trkpt lat="47.751030" lon="6.754430">
        <ele>711</ele>
        <time>2026-01-27T18:59:32+00:00</time>
      </trkpt>
      <trkpt lat="47.750980" lon="6.754550">
        <ele>714</ele>
        <time>2026-01-27T18:59:35+00:00</time>
      </trkpt>
      <trkpt lat="47.750940" lon="6.754810">
        <ele>715</ele>
        <time>2026-01-27T18:59:38+00:00</time>
      </trkpt>
      <trkpt lat="47.750940" lon="6.754840">
        <ele>715</ele>
        <time>2026-01-27T18:59:41+00:00</time>
      </trkpt>
      <trkpt lat="47.750920" lon="6.754940">
        <ele>715</ele>
        <time>2026-01-27T18:59:44+00:00</time>
      </trkpt>
      <trkpt lat="47.750850" lon="6.755220">
        <ele>719</ele>
        <time>2026-01-27T18:59:47+00:00</time>
      </trkpt>
      <trkpt lat="47.750780" lon="6.755470">
        <ele>720</ele>
        <time>2026-01-27T18:59:50+00:00</time>
      </trkpt>
      <trkpt lat="47.750760" lon="6.755620">
        <ele>724</ele>
        <time>2026-01-27T18:59:53+00:00</time>
      </trkpt>
      <trkpt lat="47.750760" lon="6.755660">
        <ele>724</ele>
        <time>2026-01-27T18:59:56+00:00</time>
      </trkpt>
      <trkpt lat="47.750800" lon="6.755770">
        <ele>722</ele>
        <time>2026-01-27T18:59:59+00:00</time>
      </trkpt>
      <trkpt lat="47.750820" lon="6.755910">
        <ele>724</ele>
        <time>2026-01-27T19:00:02+00:00</time>
      </trkpt>
      <trkpt lat="47.750840" lon="6.755940">
        <ele>724</ele>
        <time>2026-01-27T19:00:05+00:00</time>
      </trkpt>
      <trkpt lat="47.750700" lon="6.756140">
        <ele>733</ele>
        <time>2026-01-27T19:00:08+00:00</time>
      </trkpt>
      <trkpt lat="47.750660" lon="6.756180">
        <ele>733</ele>
        <time>2026-01-27T19:00:11+00:00</time>
      </trkpt>
      <trkpt lat="47.750630" lon="6.756240">
        <ele>733</ele>
        <time>2026-01-27T19:00:14+00:00</time>
      </trkpt>
      <trkpt lat="47.750610" lon="6.756310">
        <ele>736</ele>
        <time>2026-01-27T19:00:17+00:00</time>
      </trkpt>
      <trkpt lat="47.750610" lon="6.756360">
        <ele>736</ele>
        <time>2026-01-27T19:00:20+00:00</time>
      </trkpt>
      <trkpt lat="47.750590" lon="6.756410">
        <ele>740</ele>
        <time>2026-01-27T19:00:23+00:00</time>
      </trkpt>
      <trkpt lat="47.750570" lon="6.756440">
        <ele>740</ele>
        <time>2026-01-27T19:00:26+00:00</time>
      </trkpt>
      <trkpt lat="47.750490" lon="6.756490">
        <ele>743</ele>
        <time>2026-01-27T19:00:29+00:00</time>
      </trkpt>
      <trkpt lat="47.750400" lon="6.756490">
        <ele>743</ele>
        <time>2026-01-27T19:00:32+00:00</time>
      </trkpt>
      <trkpt lat="47.750230" lon="6.756510">
        <ele>750</ele>
        <time>2026-01-27T19:00:35+00:00</time>
      </trkpt>
      <trkpt lat="47.750150" lon="6.756570">
        <ele>754</ele>
        <time>2026-01-27T19:00:38+00:00</time>
      </trkpt>
      <trkpt lat="47.750060" lon="6.756600">
        <ele>758</ele>
        <time>2026-01-27T19:00:41+00:00</time>
      </trkpt>
      <trkpt lat="47.749930" lon="6.756690">
        <ele>761</ele>
        <time>2026-01-27T19:00:44+00:00</time>
      </trkpt>
      <trkpt lat="47.749900" lon="6.756700">
        <ele>767</ele>
        <time>2026-01-27T19:00:47+00:00</time>
      </trkpt>
      <trkpt lat="47.749790" lon="6.756820">
        <ele>771</ele>
        <time>2026-01-27T19:00:50+00:00</time>
      </trkpt>
      <trkpt lat="47.749730" lon="6.756870">
        <ele>771</ele>
        <time>2026-01-27T19:00:53+00:00</time>
      </trkpt>
      <trkpt lat="47.749610" lon="6.756940">
        <ele>776</ele>
        <time>2026-01-27T19:00:56+00:00</time>
      </trkpt>
      <trkpt lat="47.749600" lon="6.756950">
        <ele>781</ele>
        <time>2026-01-27T19:00:59+00:00</time>
      </trkpt>
      <trkpt lat="47.749580" lon="6.757000">
        <ele>783</ele>
        <time>2026-01-27T19:01:02+00:00</time>
      </trkpt>
      <trkpt lat="47.749560" lon="6.757030">
        <ele>783</ele>
        <time>2026-01-27T19:01:05+00:00</time>
      </trkpt>
      <trkpt lat="47.749490" lon="6.757030">
        <ele>785</ele>
        <time>2026-01-27T19:01:08+00:00</time>
      </trkpt>
      <trkpt lat="47.749470" lon="6.757050">
        <ele>785</ele>
        <time>2026-01-27T19:01:11+00:00</time>
      </trkpt>
      <trkpt lat="47.749450" lon="6.757090">
        <ele>785</ele>
        <time>2026-01-27T19:01:14+00:00</time>
      </trkpt>
      <trkpt lat="47.749440" lon="6.757130">
        <ele>786</ele>
        <time>2026-01-27T19:01:17+00:00</time>
      </trkpt>
      <trkpt lat="47.749450" lon="6.757150">
        <ele>786</ele>
        <time>2026-01-27T19:01:20+00:00</time>
      </trkpt>
      <trkpt lat="47.749440" lon="6.757170">
        <ele>786</ele>
        <time>2026-01-27T19:01:23+00:00</time>
      </trkpt>
      <trkpt lat="47.749410" lon="6.757160">
        <ele>786</ele>
        <time>2026-01-27T19:01:26+00:00</time>
      </trkpt>
      <trkpt lat="47.749260" lon="6.757000">
        <ele>791</ele>
        <time>2026-01-27T19:01:29+00:00</time>
      </trkpt>
      <trkpt lat="47.749240" lon="6.757090">
        <ele>791</ele>
        <time>2026-01-27T19:01:32+00:00</time>
      </trkpt>
      <trkpt lat="47.749170" lon="6.757130">
        <ele>797</ele>
        <time>2026-01-27T19:01:35+00:00</time>
      </trkpt>
      <trkpt lat="47.749130" lon="6.757170">
        <ele>797</ele>
        <time>2026-01-27T19:01:38+00:00</time>
      </trkpt>
      <trkpt lat="47.749050" lon="6.757210">
        <ele>802</ele>
        <time>2026-01-27T19:01:41+00:00</time>
      </trkpt>
      <trkpt lat="47.749010" lon="6.757200">
        <ele>801</ele>
        <time>2026-01-27T19:01:44+00:00</time>
      </trkpt>
      <trkpt lat="47.748910" lon="6.757220">
        <ele>805</ele>
        <time>2026-01-27T19:01:47+00:00</time>
      </trkpt>
      <trkpt lat="47.748850" lon="6.757260">
        <ele>810</ele>
        <time>2026-01-27T19:01:50+00:00</time>
      </trkpt>
      <trkpt lat="47.748700" lon="6.757310">
        <ele>817</ele>
        <time>2026-01-27T19:01:53+00:00</time>
      </trkpt>
      <trkpt lat="47.748590" lon="6.757320">
        <ele>821</ele>
        <time>2026-01-27T19:01:56+00:00</time>
      </trkpt>
      <trkpt lat="47.748530" lon="6.757300">
        <ele>821</ele>
        <time>2026-01-27T19:01:59+00:00</time>
      </trkpt>
      <trkpt lat="47.748470" lon="6.757300">
        <ele>824</ele>
        <time>2026-01-27T19:02:02+00:00</time>
      </trkpt>
      <trkpt lat="47.748410" lon="6.757310">
        <ele>824</ele>
        <time>2026-01-27T19:02:05+00:00</time>
      </trkpt>
      <trkpt lat="47.748380" lon="6.757330">
        <ele>826</ele>
        <time>2026-01-27T19:02:08+00:00</time>
      </trkpt>
      <trkpt lat="47.748330" lon="6.757330">
        <ele>826</ele>
        <time>2026-01-27T19:02:11+00:00</time>
      </trkpt>
      <trkpt lat="47.748290" lon="6.757340">
        <ele>828</ele>
        <time>2026-01-27T19:02:14+00:00</time>
      </trkpt>
      <trkpt lat="47.748260" lon="6.757370">
        <ele>828</ele>
        <time>2026-01-27T19:02:17+00:00</time>
      </trkpt>
      <trkpt lat="47.748250" lon="6.757390">
        <ele>828</ele>
        <time>2026-01-27T19:02:20+00:00</time>
      </trkpt>
      <trkpt lat="47.748120" lon="6.757500">
        <ele>829</ele>
        <time>2026-01-27T19:02:23+00:00</time>
      </trkpt>
      <trkpt lat="47.748050" lon="6.757600">
        <ele>829</ele>
        <time>2026-01-27T19:02:26+00:00</time>
      </trkpt>
      <trkpt lat="47.748020" lon="6.757660">
        <ele>829</ele>
        <time>2026-01-27T19:02:29+00:00</time>
      </trkpt>
      <trkpt lat="47.747970" lon="6.757710">
        <ele>829</ele>
        <time>2026-01-27T19:02:32+00:00</time>
      </trkpt>
      <trkpt lat="47.747980" lon="6.757730">
        <ele>829</ele>
        <time>2026-01-27T19:02:35+00:00</time>
      </trkpt>
      <trkpt lat="47.747960" lon="6.757720">
        <ele>829</ele>
        <time>2026-01-27T19:02:38+00:00</time>
      </trkpt>
      <trkpt lat="47.747880" lon="6.757760">
        <ele>828</ele>
        <time>2026-01-27T19:02:41+00:00</time>
      </trkpt>
      <trkpt lat="47.747870" lon="6.757790">
        <ele>828</ele>
        <time>2026-01-27T19:02:44+00:00</time>
      </trkpt>
      <trkpt lat="47.747890" lon="6.757860">
        <ele>829</ele>
        <time>2026-01-27T19:02:47+00:00</time>
      </trkpt>
      <trkpt lat="47.747930" lon="6.757950">
        <ele>829</ele>
        <time>2026-01-27T19:02:50+00:00</time>
      </trkpt>
      <trkpt lat="47.747990" lon="6.758180">
        <ele>829</ele>
        <time>2026-01-27T19:02:53+00:00</time>
      </trkpt>
      <trkpt lat="47.748060" lon="6.758330">
        <ele>831</ele>
        <time>2026-01-27T19:02:56+00:00</time>
      </trkpt>
      <trkpt lat="47.748090" lon="6.758370">
        <ele>831</ele>
        <time>2026-01-27T19:02:59+00:00</time>
      </trkpt>
      <trkpt lat="47.748120" lon="6.758430">
        <ele>833</ele>
        <time>2026-01-27T19:03:02+00:00</time>
      </trkpt>
      <trkpt lat="47.748210" lon="6.758630">
        <ele>835</ele>
        <time>2026-01-27T19:03:05+00:00</time>
      </trkpt>
      <trkpt lat="47.748350" lon="6.758870">
        <ele>834</ele>
        <time>2026-01-27T19:03:08+00:00</time>
      </trkpt>
      <trkpt lat="47.748370" lon="6.758930">
        <ele>838</ele>
        <time>2026-01-27T19:03:11+00:00</time>
      </trkpt>
      <trkpt lat="47.748350" lon="6.758950">
        <ele>838</ele>
        <time>2026-01-27T19:03:14+00:00</time>
      </trkpt>
      <trkpt lat="47.748340" lon="6.758950">
        <ele>838</ele>
        <time>2026-01-27T19:03:17+00:00</time>
      </trkpt>
      <trkpt lat="47.748330" lon="6.758940">
        <ele>838</ele>
        <time>2026-01-27T19:03:20+00:00</time>
      </trkpt>
      <trkpt lat="47.748310" lon="6.758950">
        <ele>838</ele>
        <time>2026-01-27T19:03:23+00:00</time>
      </trkpt>
      <trkpt lat="47.748300" lon="6.758980">
        <ele>838</ele>
        <time>2026-01-27T19:03:26+00:00</time>
      </trkpt>
      <trkpt lat="47.748280" lon="6.758980">
        <ele>836</ele>
        <time>2026-01-27T19:03:29+00:00</time>
      </trkpt>
      <trkpt lat="47.748240" lon="6.758940">
        <ele>833</ele>
        <time>2026-01-27T19:03:32+00:00</time>
      </trkpt>
      <trkpt lat="47.748180" lon="6.758910">
        <ele>835</ele>
        <time>2026-01-27T19:03:35+00:00</time>
      </trkpt>
      <trkpt lat="47.748150" lon="6.758860">
        <ele>834</ele>
        <time>2026-01-27T19:03:38+00:00</time>
      </trkpt>
      <trkpt lat="47.748100" lon="6.758840">
        <ele>833</ele>
        <time>2026-01-27T19:03:41+00:00</time>
      </trkpt>
      <trkpt lat="47.748070" lon="6.758840">
        <ele>833</ele>
        <time>2026-01-27T19:03:44+00:00</time>
      </trkpt>
      <trkpt lat="47.748030" lon="6.758850">
        <ele>833</ele>
        <time>2026-01-27T19:03:47+00:00</time>
      </trkpt>
      <trkpt lat="47.747970" lon="6.758900">
        <ele>830</ele>
        <time>2026-01-27T19:03:50+00:00</time>
      </trkpt>
      <trkpt lat="47.747870" lon="6.759050">
        <ele>827</ele>
        <time>2026-01-27T19:03:53+00:00</time>
      </trkpt>
      <trkpt lat="47.747840" lon="6.759080">
        <ele>827</ele>
        <time>2026-01-27T19:03:56+00:00</time>
      </trkpt>
      <trkpt lat="47.747830" lon="6.759120">
        <ele>826</ele>
        <time>2026-01-27T19:03:59+00:00</time>
      </trkpt>
      <trkpt lat="47.747810" lon="6.759150">
        <ele>826</ele>
        <time>2026-01-27T19:04:02+00:00</time>
      </trkpt>
      <trkpt lat="47.747760" lon="6.759200">
        <ele>824</ele>
        <time>2026-01-27T19:04:05+00:00</time>
      </trkpt>
      <trkpt lat="47.747730" lon="6.759260">
        <ele>823</ele>
        <time>2026-01-27T19:04:08+00:00</time>
      </trkpt>
      <trkpt lat="47.747670" lon="6.759290">
        <ele>820</ele>
        <time>2026-01-27T19:04:11+00:00</time>
      </trkpt>
      <trkpt lat="47.747600" lon="6.759290">
        <ele>820</ele>
        <time>2026-01-27T19:04:14+00:00</time>
      </trkpt>
      <trkpt lat="47.747540" lon="6.759300">
        <ele>817</ele>
        <time>2026-01-27T19:04:17+00:00</time>
      </trkpt>
      <trkpt lat="47.747480" lon="6.759290">
        <ele>816</ele>
        <time>2026-01-27T19:04:20+00:00</time>
      </trkpt>
      <trkpt lat="47.747380" lon="6.759260">
        <ele>812</ele>
        <time>2026-01-27T19:04:23+00:00</time>
      </trkpt>
      <trkpt lat="47.747320" lon="6.759230">
        <ele>812</ele>
        <time>2026-01-27T19:04:26+00:00</time>
      </trkpt>
      <trkpt lat="47.747280" lon="6.759230">
        <ele>810</ele>
        <time>2026-01-27T19:04:29+00:00</time>
      </trkpt>
      <trkpt lat="47.747260" lon="6.759240">
        <ele>810</ele>
        <time>2026-01-27T19:04:32+00:00</time>
      </trkpt>
      <trkpt lat="47.747210" lon="6.759230">
        <ele>810</ele>
        <time>2026-01-27T19:04:35+00:00</time>
      </trkpt>
      <trkpt lat="47.747190" lon="6.759240">
        <ele>807</ele>
        <time>2026-01-27T19:04:38+00:00</time>
      </trkpt>
      <trkpt lat="47.747130" lon="6.759220">
        <ele>807</ele>
        <time>2026-01-27T19:04:41+00:00</time>
      </trkpt>
      <trkpt lat="47.746940" lon="6.759260">
        <ele>802</ele>
        <time>2026-01-27T19:04:44+00:00</time>
      </trkpt>
      <trkpt lat="47.746890" lon="6.759280">
        <ele>801</ele>
        <time>2026-01-27T19:04:47+00:00</time>
      </trkpt>
      <trkpt lat="47.746840" lon="6.759290">
        <ele>801</ele>
        <time>2026-01-27T19:04:50+00:00</time>
      </trkpt>
      <trkpt lat="47.746780" lon="6.759330">
        <ele>797</ele>
        <time>2026-01-27T19:04:53+00:00</time>
      </trkpt>
      <trkpt lat="47.746650" lon="6.759370">
        <ele>796</ele>
        <time>2026-01-27T19:04:56+00:00</time>
      </trkpt>
      <trkpt lat="47.746480" lon="6.759360">
        <ele>792</ele>
        <time>2026-01-27T19:04:59+00:00</time>
      </trkpt>
      <trkpt lat="47.746390" lon="6.759440">
        <ele>790</ele>
        <time>2026-01-27T19:05:02+00:00</time>
      </trkpt>
      <trkpt lat="47.746390" lon="6.759450">
        <ele>790</ele>
        <time>2026-01-27T19:05:05+00:00</time>
      </trkpt>
      <trkpt lat="47.746360" lon="6.759470">
        <ele>790</ele>
        <time>2026-01-27T19:05:08+00:00</time>
      </trkpt>
      <trkpt lat="47.746330" lon="6.759550">
        <ele>789</ele>
        <time>2026-01-27T19:05:11+00:00</time>
      </trkpt>
      <trkpt lat="47.746270" lon="6.759600">
        <ele>788</ele>
        <time>2026-01-27T19:05:14+00:00</time>
      </trkpt>
      <trkpt lat="47.746260" lon="6.759620">
        <ele>787</ele>
        <time>2026-01-27T19:05:17+00:00</time>
      </trkpt>
      <trkpt lat="47.746240" lon="6.759640">
        <ele>787</ele>
        <time>2026-01-27T19:05:20+00:00</time>
      </trkpt>
      <trkpt lat="47.746200" lon="6.759670">
        <ele>784</ele>
        <time>2026-01-27T19:05:23+00:00</time>
      </trkpt>
      <trkpt lat="47.746160" lon="6.759690">
        <ele>784</ele>
        <time>2026-01-27T19:05:26+00:00</time>
      </trkpt>
      <trkpt lat="47.746090" lon="6.759690">
        <ele>783</ele>
        <time>2026-01-27T19:05:29+00:00</time>
      </trkpt>
      <trkpt lat="47.746080" lon="6.759710">
        <ele>782</ele>
        <time>2026-01-27T19:05:32+00:00</time>
      </trkpt>
      <trkpt lat="47.746050" lon="6.759710">
        <ele>782</ele>
        <time>2026-01-27T19:05:35+00:00</time>
      </trkpt>
      <trkpt lat="47.745990" lon="6.759800">
        <ele>779</ele>
        <time>2026-01-27T19:05:38+00:00</time>
      </trkpt>
      <trkpt lat="47.745930" lon="6.759810">
        <ele>779</ele>
        <time>2026-01-27T19:05:41+00:00</time>
      </trkpt>
      <trkpt lat="47.745880" lon="6.759730">
        <ele>776</ele>
        <time>2026-01-27T19:05:44+00:00</time>
      </trkpt>
      <trkpt lat="47.745810" lon="6.759710">
        <ele>776</ele>
        <time>2026-01-27T19:05:47+00:00</time>
      </trkpt>
      <trkpt lat="47.745770" lon="6.759720">
        <ele>773</ele>
        <time>2026-01-27T19:05:50+00:00</time>
      </trkpt>
      <trkpt lat="47.745750" lon="6.759740">
        <ele>773</ele>
        <time>2026-01-27T19:05:53+00:00</time>
      </trkpt>
      <trkpt lat="47.745700" lon="6.759770">
        <ele>773</ele>
        <time>2026-01-27T19:05:56+00:00</time>
      </trkpt>
      <trkpt lat="47.745650" lon="6.759830">
        <ele>769</ele>
        <time>2026-01-27T19:05:59+00:00</time>
      </trkpt>
      <trkpt lat="47.745610" lon="6.759830">
        <ele>769</ele>
        <time>2026-01-27T19:06:02+00:00</time>
      </trkpt>
      <trkpt lat="47.745560" lon="6.759790">
        <ele>766</ele>
        <time>2026-01-27T19:06:05+00:00</time>
      </trkpt>
      <trkpt lat="47.745520" lon="6.759710">
        <ele>766</ele>
        <time>2026-01-27T19:06:08+00:00</time>
      </trkpt>
      <trkpt lat="47.745440" lon="6.759670">
        <ele>764</ele>
        <time>2026-01-27T19:06:11+00:00</time>
      </trkpt>
      <trkpt lat="47.745410" lon="6.759610">
        <ele>764</ele>
        <time>2026-01-27T19:06:14+00:00</time>
      </trkpt>
      <trkpt lat="47.745370" lon="6.759490">
        <ele>762</ele>
        <time>2026-01-27T19:06:17+00:00</time>
      </trkpt>
      <trkpt lat="47.745360" lon="6.759480">
        <ele>762</ele>
        <time>2026-01-27T19:06:20+00:00</time>
      </trkpt>
      <trkpt lat="47.745290" lon="6.759470">
        <ele>758</ele>
        <time>2026-01-27T19:06:23+00:00</time>
      </trkpt>
      <trkpt lat="47.745230" lon="6.759590">
        <ele>758</ele>
        <time>2026-01-27T19:06:26+00:00</time>
      </trkpt>
      <trkpt lat="47.745200" lon="6.759690">
        <ele>757</ele>
        <time>2026-01-27T19:06:29+00:00</time>
      </trkpt>
      <trkpt lat="47.745200" lon="6.759770">
        <ele>757</ele>
        <time>2026-01-27T19:06:32+00:00</time>
      </trkpt>
      <trkpt lat="47.745170" lon="6.759940">
        <ele>752</ele>
        <time>2026-01-27T19:06:35+00:00</time>
      </trkpt>
      <trkpt lat="47.745150" lon="6.760150">
        <ele>751</ele>
        <time>2026-01-27T19:06:38+00:00</time>
      </trkpt>
      <trkpt lat="47.745150" lon="6.760240">
        <ele>750</ele>
        <time>2026-01-27T19:06:41+00:00</time>
      </trkpt>
      <trkpt lat="47.745160" lon="6.760310">
        <ele>749</ele>
        <time>2026-01-27T19:06:44+00:00</time>
      </trkpt>
      <trkpt lat="47.745160" lon="6.760350">
        <ele>749</ele>
        <time>2026-01-27T19:06:47+00:00</time>
      </trkpt>
      <trkpt lat="47.745150" lon="6.760440">
        <ele>748</ele>
        <time>2026-01-27T19:06:50+00:00</time>
      </trkpt>
      <trkpt lat="47.745190" lon="6.760580">
        <ele>746</ele>
        <time>2026-01-27T19:06:53+00:00</time>
      </trkpt>
      <trkpt lat="47.745180" lon="6.760640">
        <ele>745</ele>
        <time>2026-01-27T19:06:56+00:00</time>
      </trkpt>
      <trkpt lat="47.745200" lon="6.760720">
        <ele>745</ele>
        <time>2026-01-27T19:06:59+00:00</time>
      </trkpt>
      <trkpt lat="47.745200" lon="6.760790">
        <ele>745</ele>
        <time>2026-01-27T19:07:02+00:00</time>
      </trkpt>
      <trkpt lat="47.745260" lon="6.760820">
        <ele>742</ele>
        <time>2026-01-27T19:07:05+00:00</time>
      </trkpt>
      <trkpt lat="47.745260" lon="6.760910">
        <ele>741</ele>
        <time>2026-01-27T19:07:08+00:00</time>
      </trkpt>
      <trkpt lat="47.745270" lon="6.760950">
        <ele>741</ele>
        <time>2026-01-27T19:07:11+00:00</time>
      </trkpt>
      <trkpt lat="47.745260" lon="6.760990">
        <ele>741</ele>
        <time>2026-01-27T19:07:14+00:00</time>
      </trkpt>
      <trkpt lat="47.745220" lon="6.761050">
        <ele>739</ele>
        <time>2026-01-27T19:07:17+00:00</time>
      </trkpt>
      <trkpt lat="47.745200" lon="6.761070">
        <ele>739</ele>
        <time>2026-01-27T19:07:20+00:00</time>
      </trkpt>
      <trkpt lat="47.745060" lon="6.761100">
        <ele>733</ele>
        <time>2026-01-27T19:07:23+00:00</time>
      </trkpt>
      <trkpt lat="47.744980" lon="6.761090">
        <ele>733</ele>
        <time>2026-01-27T19:07:26+00:00</time>
      </trkpt>
      <trkpt lat="47.744930" lon="6.761110">
        <ele>730</ele>
        <time>2026-01-27T19:07:29+00:00</time>
      </trkpt>
      <trkpt lat="47.744910" lon="6.761100">
        <ele>730</ele>
        <time>2026-01-27T19:07:32+00:00</time>
      </trkpt>
      <trkpt lat="47.744860" lon="6.761140">
        <ele>729</ele>
        <time>2026-01-27T19:07:35+00:00</time>
      </trkpt>
      <trkpt lat="47.744810" lon="6.761150">
        <ele>729</ele>
        <time>2026-01-27T19:07:38+00:00</time>
      </trkpt>
      <trkpt lat="47.744760" lon="6.761190">
        <ele>727</ele>
        <time>2026-01-27T19:07:41+00:00</time>
      </trkpt>
      <trkpt lat="47.744750" lon="6.761190">
        <ele>727</ele>
        <time>2026-01-27T19:07:44+00:00</time>
      </trkpt>
      <trkpt lat="47.744730" lon="6.761170">
        <ele>727</ele>
        <time>2026-01-27T19:07:47+00:00</time>
      </trkpt>
      <trkpt lat="47.744680" lon="6.761180">
        <ele>725</ele>
        <time>2026-01-27T19:07:50+00:00</time>
      </trkpt>
      <trkpt lat="47.744650" lon="6.761170">
        <ele>725</ele>
        <time>2026-01-27T19:07:53+00:00</time>
      </trkpt>
      <trkpt lat="47.744560" lon="6.761200">
        <ele>723</ele>
        <time>2026-01-27T19:07:56+00:00</time>
      </trkpt>
      <trkpt lat="47.744450" lon="6.761210">
        <ele>720</ele>
        <time>2026-01-27T19:07:59+00:00</time>
      </trkpt>
      <trkpt lat="47.744390" lon="6.761230">
        <ele>718</ele>
        <time>2026-01-27T19:08:02+00:00</time>
      </trkpt>
      <trkpt lat="47.744310" lon="6.761230">
        <ele>718</ele>
        <time>2026-01-27T19:08:05+00:00</time>
      </trkpt>
      <trkpt lat="47.744270" lon="6.761260">
        <ele>715</ele>
        <time>2026-01-27T19:08:08+00:00</time>
      </trkpt>
      <trkpt lat="47.744260" lon="6.761370">
        <ele>715</ele>
        <time>2026-01-27T19:08:11+00:00</time>
      </trkpt>
      <trkpt lat="47.744300" lon="6.761460">
        <ele>716</ele>
        <time>2026-01-27T19:08:14+00:00</time>
      </trkpt>
      <trkpt lat="47.744320" lon="6.761560">
        <ele>714</ele>
        <time>2026-01-27T19:08:17+00:00</time>
      </trkpt>
      <trkpt lat="47.744310" lon="6.761580">
        <ele>714</ele>
        <time>2026-01-27T19:08:20+00:00</time>
      </trkpt>
      <trkpt lat="47.744180" lon="6.761730">
        <ele>708</ele>
        <time>2026-01-27T19:08:23+00:00</time>
      </trkpt>
      <trkpt lat="47.744150" lon="6.761800">
        <ele>707</ele>
        <time>2026-01-27T19:08:26+00:00</time>
      </trkpt>
      <trkpt lat="47.744120" lon="6.761830">
        <ele>707</ele>
        <time>2026-01-27T19:08:29+00:00</time>
      </trkpt>
      <trkpt lat="47.744090" lon="6.761880">
        <ele>705</ele>
        <time>2026-01-27T19:08:32+00:00</time>
      </trkpt>
      <trkpt lat="47.744060" lon="6.761870">
        <ele>705</ele>
        <time>2026-01-27T19:08:35+00:00</time>
      </trkpt>
      <trkpt lat="47.744050" lon="6.761850">
        <ele>705</ele>
        <time>2026-01-27T19:08:38+00:00</time>
      </trkpt>
      <trkpt lat="47.744020" lon="6.761840">
        <ele>705</ele>
        <time>2026-01-27T19:08:41+00:00</time>
      </trkpt>
      <trkpt lat="47.743940" lon="6.761890">
        <ele>703</ele>
        <time>2026-01-27T19:08:44+00:00</time>
      </trkpt>
      <trkpt lat="47.743900" lon="6.761890">
        <ele>702</ele>
        <time>2026-01-27T19:08:47+00:00</time>
      </trkpt>
      <trkpt lat="47.743840" lon="6.761940">
        <ele>700</ele>
        <time>2026-01-27T19:08:50+00:00</time>
      </trkpt>
      <trkpt lat="47.743830" lon="6.761940">
        <ele>700</ele>
        <time>2026-01-27T19:08:53+00:00</time>
      </trkpt>
      <trkpt lat="47.743820" lon="6.761920">
        <ele>700</ele>
        <time>2026-01-27T19:08:56+00:00</time>
      </trkpt>
      <trkpt lat="47.743780" lon="6.761920">
        <ele>697</ele>
        <time>2026-01-27T19:08:59+00:00</time>
      </trkpt>
      <trkpt lat="47.743760" lon="6.761890">
        <ele>698</ele>
        <time>2026-01-27T19:09:02+00:00</time>
      </trkpt>
      <trkpt lat="47.743680" lon="6.761880">
        <ele>695</ele>
        <time>2026-01-27T19:09:05+00:00</time>
      </trkpt>
      <trkpt lat="47.743660" lon="6.761890">
        <ele>695</ele>
        <time>2026-01-27T19:09:08+00:00</time>
      </trkpt>
      <trkpt lat="47.743590" lon="6.761840">
        <ele>694</ele>
        <time>2026-01-27T19:09:11+00:00</time>
      </trkpt>
      <trkpt lat="47.743540" lon="6.761830">
        <ele>694</ele>
        <time>2026-01-27T19:09:14+00:00</time>
      </trkpt>
      <trkpt lat="47.743450" lon="6.761790">
        <ele>692</ele>
        <time>2026-01-27T19:09:17+00:00</time>
      </trkpt>
      <trkpt lat="47.743390" lon="6.761790">
        <ele>690</ele>
        <time>2026-01-27T19:09:20+00:00</time>
      </trkpt>
      <trkpt lat="47.743330" lon="6.761770">
        <ele>690</ele>
        <time>2026-01-27T19:09:23+00:00</time>
      </trkpt>
      <trkpt lat="47.743220" lon="6.761670">
        <ele>688</ele>
        <time>2026-01-27T19:09:26+00:00</time>
      </trkpt>
      <trkpt lat="47.743190" lon="6.761630">
        <ele>686</ele>
        <time>2026-01-27T19:09:29+00:00</time>
      </trkpt>
      <trkpt lat="47.743040" lon="6.761510">
        <ele>684</ele>
        <time>2026-01-27T19:09:32+00:00</time>
      </trkpt>
      <trkpt lat="47.743010" lon="6.761470">
        <ele>683</ele>
        <time>2026-01-27T19:09:35+00:00</time>
      </trkpt>
      <trkpt lat="47.743000" lon="6.761440">
        <ele>682</ele>
        <time>2026-01-27T19:09:38+00:00</time>
      </trkpt>
      <trkpt lat="47.742990" lon="6.761320">
        <ele>682</ele>
        <time>2026-01-27T19:09:41+00:00</time>
      </trkpt>
      <trkpt lat="47.743020" lon="6.761280">
        <ele>682</ele>
        <time>2026-01-27T19:09:44+00:00</time>
      </trkpt>
      <trkpt lat="47.743080" lon="6.761260">
        <ele>682</ele>
        <time>2026-01-27T19:09:47+00:00</time>
      </trkpt>
      <trkpt lat="47.743010" lon="6.761260">
        <ele>682</ele>
        <time>2026-01-27T19:09:50+00:00</time>
      </trkpt>
      <trkpt lat="47.743040" lon="6.761130">
        <ele>682</ele>
        <time>2026-01-27T19:09:53+00:00</time>
      </trkpt>
      <trkpt lat="47.743070" lon="6.761090">
        <ele>681</ele>
        <time>2026-01-27T19:09:56+00:00</time>
      </trkpt>
      <trkpt lat="47.743050" lon="6.761010">
        <ele>681</ele>
        <time>2026-01-27T19:09:59+00:00</time>
      </trkpt>
      <trkpt lat="47.743020" lon="6.760940">
        <ele>681</ele>
        <time>2026-01-27T19:10:02+00:00</time>
      </trkpt>
      <trkpt lat="47.742980" lon="6.760890">
        <ele>682</ele>
        <time>2026-01-27T19:10:05+00:00</time>
      </trkpt>
      <trkpt lat="47.742930" lon="6.760870">
        <ele>682</ele>
        <time>2026-01-27T19:10:08+00:00</time>
      </trkpt>
      <trkpt lat="47.742850" lon="6.760880">
        <ele>678</ele>
        <time>2026-01-27T19:10:11+00:00</time>
      </trkpt>
      <trkpt lat="47.742870" lon="6.760850">
        <ele>678</ele>
        <time>2026-01-27T19:10:14+00:00</time>
      </trkpt>
      <trkpt lat="47.742840" lon="6.760820">
        <ele>678</ele>
        <time>2026-01-27T19:10:17+00:00</time>
      </trkpt>
      <trkpt lat="47.742820" lon="6.760820">
        <ele>678</ele>
        <time>2026-01-27T19:10:20+00:00</time>
      </trkpt>
      <trkpt lat="47.742760" lon="6.760780">
        <ele>674</ele>
        <time>2026-01-27T19:10:23+00:00</time>
      </trkpt>
      <trkpt lat="47.742700" lon="6.760750">
        <ele>674</ele>
        <time>2026-01-27T19:10:26+00:00</time>
      </trkpt>
      <trkpt lat="47.742680" lon="6.760750">
        <ele>671</ele>
        <time>2026-01-27T19:10:29+00:00</time>
      </trkpt>
      <trkpt lat="47.742640" lon="6.760720">
        <ele>671</ele>
        <time>2026-01-27T19:10:32+00:00</time>
      </trkpt>
      <trkpt lat="47.742590" lon="6.760740">
        <ele>667</ele>
        <time>2026-01-27T19:10:35+00:00</time>
      </trkpt>
      <trkpt lat="47.742500" lon="6.760730">
        <ele>667</ele>
        <time>2026-01-27T19:10:38+00:00</time>
      </trkpt>
      <trkpt lat="47.742370" lon="6.760690">
        <ele>661</ele>
        <time>2026-01-27T19:10:41+00:00</time>
      </trkpt>
      <trkpt lat="47.742360" lon="6.760680">
        <ele>661</ele>
        <time>2026-01-27T19:10:44+00:00</time>
      </trkpt>
      <trkpt lat="47.742330" lon="6.760670">
        <ele>661</ele>
        <time>2026-01-27T19:10:47+00:00</time>
      </trkpt>
      <trkpt lat="47.742290" lon="6.760620">
        <ele>657</ele>
        <time>2026-01-27T19:10:50+00:00</time>
      </trkpt>
      <trkpt lat="47.742290" lon="6.760600">
        <ele>657</ele>
        <time>2026-01-27T19:10:53+00:00</time>
      </trkpt>
      <trkpt lat="47.742220" lon="6.760560">
        <ele>657</ele>
        <time>2026-01-27T19:10:56+00:00</time>
      </trkpt>
      <trkpt lat="47.742160" lon="6.760540">
        <ele>654</ele>
        <time>2026-01-27T19:10:59+00:00</time>
      </trkpt>
      <trkpt lat="47.742090" lon="6.760550">
        <ele>654</ele>
        <time>2026-01-27T19:11:02+00:00</time>
      </trkpt>
      <trkpt lat="47.742080" lon="6.760530">
        <ele>654</ele>
        <time>2026-01-27T19:11:05+00:00</time>
      </trkpt>
      <trkpt lat="47.742100" lon="6.760390">
        <ele>651</ele>
        <time>2026-01-27T19:11:08+00:00</time>
      </trkpt>
      <trkpt lat="47.742110" lon="6.760170">
        <ele>652</ele>
        <time>2026-01-27T19:11:11+00:00</time>
      </trkpt>
      <trkpt lat="47.742170" lon="6.759850">
        <ele>649</ele>
        <time>2026-01-27T19:11:14+00:00</time>
      </trkpt>
      <trkpt lat="47.742170" lon="6.759740">
        <ele>649</ele>
        <time>2026-01-27T19:11:17+00:00</time>
      </trkpt>
      <trkpt lat="47.742200" lon="6.759670">
        <ele>648</ele>
        <time>2026-01-27T19:11:20+00:00</time>
      </trkpt>
      <trkpt lat="47.742190" lon="6.759610">
        <ele>648</ele>
        <time>2026-01-27T19:11:23+00:00</time>
      </trkpt>
      <trkpt lat="47.742200" lon="6.759570">
        <ele>649</ele>
        <time>2026-01-27T19:11:26+00:00</time>
      </trkpt>
      <trkpt lat="47.742210" lon="6.759420">
        <ele>651</ele>
        <time>2026-01-27T19:11:29+00:00</time>
      </trkpt>
      <trkpt lat="47.742210" lon="6.759210">
        <ele>649</ele>
        <time>2026-01-27T19:11:32+00:00</time>
      </trkpt>
      <trkpt lat="47.742160" lon="6.759000">
        <ele>645</ele>
        <time>2026-01-27T19:11:35+00:00</time>
      </trkpt>
      <trkpt lat="47.742130" lon="6.758940">
        <ele>647</ele>
        <time>2026-01-27T19:11:38+00:00</time>
      </trkpt>
      <trkpt lat="47.742070" lon="6.758860">
        <ele>644</ele>
        <time>2026-01-27T19:11:41+00:00</time>
      </trkpt>
      <trkpt lat="47.742080" lon="6.758810">
        <ele>644</ele>
        <time>2026-01-27T19:11:44+00:00</time>
      </trkpt>
      <trkpt lat="47.742070" lon="6.758780">
        <ele>644</ele>
        <time>2026-01-27T19:11:47+00:00</time>
      </trkpt>
      <trkpt lat="47.742050" lon="6.758750">
        <ele>644</ele>
        <time>2026-01-27T19:11:50+00:00</time>
      </trkpt>
      <trkpt lat="47.741950" lon="6.758700">
        <ele>641</ele>
        <time>2026-01-27T19:11:53+00:00</time>
      </trkpt>
      <trkpt lat="47.741910" lon="6.758620">
        <ele>641</ele>
        <time>2026-01-27T19:11:56+00:00</time>
      </trkpt>
      <trkpt lat="47.741870" lon="6.758600">
        <ele>639</ele>
        <time>2026-01-27T19:11:59+00:00</time>
      </trkpt>
      <trkpt lat="47.741810" lon="6.758530">
        <ele>639</ele>
        <time>2026-01-27T19:12:02+00:00</time>
      </trkpt>
      <trkpt lat="47.741710" lon="6.758520">
        <ele>637</ele>
        <time>2026-01-27T19:12:05+00:00</time>
      </trkpt>
      <trkpt lat="47.741680" lon="6.758490">
        <ele>635</ele>
        <time>2026-01-27T19:12:08+00:00</time>
      </trkpt>
      <trkpt lat="47.741680" lon="6.758470">
        <ele>635</ele>
        <time>2026-01-27T19:12:11+00:00</time>
      </trkpt>
      <trkpt lat="47.741660" lon="6.758440">
        <ele>635</ele>
        <time>2026-01-27T19:12:14+00:00</time>
      </trkpt>
      <trkpt lat="47.741540" lon="6.758360">
        <ele>633</ele>
        <time>2026-01-27T19:12:17+00:00</time>
      </trkpt>
      <trkpt lat="47.741520" lon="6.758320">
        <ele>633</ele>
        <time>2026-01-27T19:12:20+00:00</time>
      </trkpt>
      <trkpt lat="47.741450" lon="6.758260">
        <ele>632</ele>
        <time>2026-01-27T19:12:23+00:00</time>
      </trkpt>
      <trkpt lat="47.741440" lon="6.758230">
        <ele>632</ele>
        <time>2026-01-27T19:12:26+00:00</time>
      </trkpt>
      <trkpt lat="47.741400" lon="6.758190">
        <ele>632</ele>
        <time>2026-01-27T19:12:29+00:00</time>
      </trkpt>
      <trkpt lat="47.741370" lon="6.758140">
        <ele>631</ele>
        <time>2026-01-27T19:12:32+00:00</time>
      </trkpt>
      <trkpt lat="47.741350" lon="6.758080">
        <ele>630</ele>
        <time>2026-01-27T19:12:35+00:00</time>
      </trkpt>
      <trkpt lat="47.741250" lon="6.757960">
        <ele>629</ele>
        <time>2026-01-27T19:12:38+00:00</time>
      </trkpt>
      <trkpt lat="47.741230" lon="6.757920">
        <ele>629</ele>
        <time>2026-01-27T19:12:41+00:00</time>
      </trkpt>
      <trkpt lat="47.741070" lon="6.757780">
        <ele>629</ele>
        <time>2026-01-27T19:12:44+00:00</time>
      </trkpt>
      <trkpt lat="47.741050" lon="6.757670">
        <ele>627</ele>
        <time>2026-01-27T19:12:47+00:00</time>
      </trkpt>
      <trkpt lat="47.741030" lon="6.757620">
        <ele>627</ele>
        <time>2026-01-27T19:12:50+00:00</time>
      </trkpt>
      <trkpt lat="47.740930" lon="6.757500">
        <ele>627</ele>
        <time>2026-01-27T19:12:53+00:00</time>
      </trkpt>
      <trkpt lat="47.740920" lon="6.757440">
        <ele>624</ele>
        <time>2026-01-27T19:12:56+00:00</time>
      </trkpt>
      <trkpt lat="47.740820" lon="6.757280">
        <ele>622</ele>
        <time>2026-01-27T19:12:59+00:00</time>
      </trkpt>
      <trkpt lat="47.740700" lon="6.757150">
        <ele>621</ele>
        <time>2026-01-27T19:13:02+00:00</time>
      </trkpt>
      <trkpt lat="47.740600" lon="6.756950">
        <ele>622</ele>
        <time>2026-01-27T19:13:05+00:00</time>
      </trkpt>
      <trkpt lat="47.740480" lon="6.756770">
        <ele>624</ele>
        <time>2026-01-27T19:13:08+00:00</time>
      </trkpt>
      <trkpt lat="47.740430" lon="6.756680">
        <ele>622</ele>
        <time>2026-01-27T19:13:11+00:00</time>
      </trkpt>
      <trkpt lat="47.740380" lon="6.756630">
        <ele>626</ele>
        <time>2026-01-27T19:13:14+00:00</time>
      </trkpt>
      <trkpt lat="47.740350" lon="6.756550">
        <ele>623</ele>
        <time>2026-01-27T19:13:17+00:00</time>
      </trkpt>
      <trkpt lat="47.740350" lon="6.756450">
        <ele>621</ele>
        <time>2026-01-27T19:13:20+00:00</time>
      </trkpt>
      <trkpt lat="47.740280" lon="6.755990">
        <ele>615</ele>
        <time>2026-01-27T19:13:23+00:00</time>
      </trkpt>
      <trkpt lat="47.740250" lon="6.755860">
        <ele>613</ele>
        <time>2026-01-27T19:13:26+00:00</time>
      </trkpt>
      <trkpt lat="47.740150" lon="6.755560">
        <ele>612</ele>
        <time>2026-01-27T19:13:29+00:00</time>
      </trkpt>
      <trkpt lat="47.740140" lon="6.755510">
        <ele>612</ele>
        <time>2026-01-27T19:13:32+00:00</time>
      </trkpt>
      <trkpt lat="47.740050" lon="6.755290">
        <ele>611</ele>
        <time>2026-01-27T19:13:35+00:00</time>
      </trkpt>
      <trkpt lat="47.740040" lon="6.755220">
        <ele>609</ele>
        <time>2026-01-27T19:13:38+00:00</time>
      </trkpt>
      <trkpt lat="47.740020" lon="6.755170">
        <ele>607</ele>
        <time>2026-01-27T19:13:41+00:00</time>
      </trkpt>
      <trkpt lat="47.739880" lon="6.754900">
        <ele>610</ele>
        <time>2026-01-27T19:13:44+00:00</time>
      </trkpt>
      <trkpt lat="47.739800" lon="6.754730">
        <ele>605</ele>
        <time>2026-01-27T19:13:47+00:00</time>
      </trkpt>
      <trkpt lat="47.739770" lon="6.754640">
        <ele>606</ele>
        <time>2026-01-27T19:13:50+00:00</time>
      </trkpt>
      <trkpt lat="47.739700" lon="6.754500">
        <ele>604</ele>
        <time>2026-01-27T19:13:53+00:00</time>
      </trkpt>
      <trkpt lat="47.739620" lon="6.754280">
        <ele>599</ele>
        <time>2026-01-27T19:13:56+00:00</time>
      </trkpt>
      <trkpt lat="47.739540" lon="6.754100">
        <ele>599</ele>
        <time>2026-01-27T19:13:59+00:00</time>
      </trkpt>
      <trkpt lat="47.739460" lon="6.754000">
        <ele>599</ele>
        <time>2026-01-27T19:14:02+00:00</time>
      </trkpt>
      <trkpt lat="47.739410" lon="6.753910">
        <ele>597</ele>
        <time>2026-01-27T19:14:05+00:00</time>
      </trkpt>
      <trkpt lat="47.739170" lon="6.753670">
        <ele>595</ele>
        <time>2026-01-27T19:14:08+00:00</time>
      </trkpt>
      <trkpt lat="47.739000" lon="6.753450">
        <ele>592</ele>
        <time>2026-01-27T19:14:11+00:00</time>
      </trkpt>
      <trkpt lat="47.738910" lon="6.753320">
        <ele>593</ele>
        <time>2026-01-27T19:14:14+00:00</time>
      </trkpt>
      <trkpt lat="47.738830" lon="6.753180">
        <ele>589</ele>
        <time>2026-01-27T19:14:17+00:00</time>
      </trkpt>
      <trkpt lat="47.738770" lon="6.753090">
        <ele>588</ele>
        <time>2026-01-27T19:14:20+00:00</time>
      </trkpt>
      <trkpt lat="47.738740" lon="6.753030">
        <ele>588</ele>
        <time>2026-01-27T19:14:23+00:00</time>
      </trkpt>
      <trkpt lat="47.738720" lon="6.753020">
        <ele>588</ele>
        <time>2026-01-27T19:14:26+00:00</time>
      </trkpt>
      <trkpt lat="47.738660" lon="6.752870">
        <ele>586</ele>
        <time>2026-01-27T19:14:29+00:00</time>
      </trkpt>
      <trkpt lat="47.738540" lon="6.752620">
        <ele>585</ele>
        <time>2026-01-27T19:14:32+00:00</time>
      </trkpt>
      <trkpt lat="47.738530" lon="6.752590">
        <ele>584</ele>
        <time>2026-01-27T19:14:35+00:00</time>
      </trkpt>
      <trkpt lat="47.738480" lon="6.752550">
        <ele>585</ele>
        <time>2026-01-27T19:14:38+00:00</time>
      </trkpt>
      <trkpt lat="47.738460" lon="6.752520">
        <ele>585</ele>
        <time>2026-01-27T19:14:41+00:00</time>
      </trkpt>
      <trkpt lat="47.738440" lon="6.752430">
        <ele>583</ele>
        <time>2026-01-27T19:14:44+00:00</time>
      </trkpt>
      <trkpt lat="47.738400" lon="6.752390">
        <ele>582</ele>
        <time>2026-01-27T19:14:47+00:00</time>
      </trkpt>
      <trkpt lat="47.738340" lon="6.752290">
        <ele>581</ele>
        <time>2026-01-27T19:14:50+00:00</time>
      </trkpt>
      <trkpt lat="47.738300" lon="6.752160">
        <ele>580</ele>
        <time>2026-01-27T19:14:53+00:00</time>
      </trkpt>
      <trkpt lat="47.738250" lon="6.752040">
        <ele>580</ele>
        <time>2026-01-27T19:14:56+00:00</time>
      </trkpt>
      <trkpt lat="47.738240" lon="6.751980">
        <ele>578</ele>
        <time>2026-01-27T19:14:59+00:00</time>
      </trkpt>
      <trkpt lat="47.738210" lon="6.751880">
        <ele>577</ele>
        <time>2026-01-27T19:15:02+00:00</time>
      </trkpt>
      <trkpt lat="47.738200" lon="6.751790">
        <ele>577</ele>
        <time>2026-01-27T19:15:05+00:00</time>
      </trkpt>
      <trkpt lat="47.738160" lon="6.751700">
        <ele>576</ele>
        <time>2026-01-27T19:15:08+00:00</time>
      </trkpt>
      <trkpt lat="47.738140" lon="6.751670">
        <ele>575</ele>
        <time>2026-01-27T19:15:11+00:00</time>
      </trkpt>
      <trkpt lat="47.738100" lon="6.751540">
        <ele>574</ele>
        <time>2026-01-27T19:15:14+00:00</time>
      </trkpt>
      <trkpt lat="47.738030" lon="6.751400">
        <ele>573</ele>
        <time>2026-01-27T19:15:17+00:00</time>
      </trkpt>
      <trkpt lat="47.738000" lon="6.751280">
        <ele>571</ele>
        <time>2026-01-27T19:15:20+00:00</time>
      </trkpt>
      <trkpt lat="47.737970" lon="6.751230">
        <ele>571</ele>
        <time>2026-01-27T19:15:23+00:00</time>
      </trkpt>
      <trkpt lat="47.737930" lon="6.751110">
        <ele>570</ele>
        <time>2026-01-27T19:15:26+00:00</time>
      </trkpt>
      <trkpt lat="47.737880" lon="6.750830">
        <ele>567</ele>
        <time>2026-01-27T19:15:29+00:00</time>
      </trkpt>
      <trkpt lat="47.737850" lon="6.750580">
        <ele>563</ele>
        <time>2026-01-27T19:15:32+00:00</time>
      </trkpt>
      <trkpt lat="47.737850" lon="6.750530">
        <ele>563</ele>
        <time>2026-01-27T19:15:35+00:00</time>
      </trkpt>
      <trkpt lat="47.737840" lon="6.750470">
        <ele>562</ele>
        <time>2026-01-27T19:15:38+00:00</time>
      </trkpt>
      <trkpt lat="47.737810" lon="6.750420">
        <ele>562</ele>
        <time>2026-01-27T19:15:41+00:00</time>
      </trkpt>
      <trkpt lat="47.737810" lon="6.750360">
        <ele>561</ele>
        <time>2026-01-27T19:15:44+00:00</time>
      </trkpt>
      <trkpt lat="47.737800" lon="6.750250">
        <ele>560</ele>
        <time>2026-01-27T19:15:47+00:00</time>
      </trkpt>
      <trkpt lat="47.737770" lon="6.750150">
        <ele>559</ele>
        <time>2026-01-27T19:15:50+00:00</time>
      </trkpt>
      <trkpt lat="47.737760" lon="6.750050">
        <ele>558</ele>
        <time>2026-01-27T19:15:53+00:00</time>
      </trkpt>
      <trkpt lat="47.737740" lon="6.750020">
        <ele>558</ele>
        <time>2026-01-27T19:15:56+00:00</time>
      </trkpt>
      <trkpt lat="47.737740" lon="6.749990">
        <ele>557</ele>
        <time>2026-01-27T19:15:59+00:00</time>
      </trkpt>
      <trkpt lat="47.737690" lon="6.749860">
        <ele>557</ele>
        <time>2026-01-27T19:16:02+00:00</time>
      </trkpt>
      <trkpt lat="47.737610" lon="6.749490">
        <ele>554</ele>
        <time>2026-01-27T19:16:05+00:00</time>
      </trkpt>
      <trkpt lat="47.737580" lon="6.749210">
        <ele>552</ele>
        <time>2026-01-27T19:16:08+00:00</time>
      </trkpt>
      <trkpt lat="47.737550" lon="6.749070">
        <ele>551</ele>
        <time>2026-01-27T19:16:11+00:00</time>
      </trkpt>
      <trkpt lat="47.737550" lon="6.749000">
        <ele>551</ele>
        <time>2026-01-27T19:16:14+00:00</time>
      </trkpt>
      <trkpt lat="47.737530" lon="6.748940">
        <ele>550</ele>
        <time>2026-01-27T19:16:17+00:00</time>
      </trkpt>
      <trkpt lat="47.737540" lon="6.748810">
        <ele>549</ele>
        <time>2026-01-27T19:16:20+00:00</time>
      </trkpt>
      <trkpt lat="47.737500" lon="6.748600">
        <ele>548</ele>
        <time>2026-01-27T19:16:23+00:00</time>
      </trkpt>
      <trkpt lat="47.737500" lon="6.748450">
        <ele>547</ele>
        <time>2026-01-27T19:16:26+00:00</time>
      </trkpt>
      <trkpt lat="47.737430" lon="6.748170">
        <ele>549</ele>
        <time>2026-01-27T19:16:29+00:00</time>
      </trkpt>
      <trkpt lat="47.737400" lon="6.748340">
        <ele>547</ele>
        <time>2026-01-27T19:16:32+00:00</time>
      </trkpt>
      <trkpt lat="47.737370" lon="6.748590">
        <ele>550</ele>
        <time>2026-01-27T19:16:35+00:00</time>
      </trkpt>
      <trkpt lat="47.737350" lon="6.748770">
        <ele>551</ele>
        <time>2026-01-27T19:16:38+00:00</time>
      </trkpt>
      <trkpt lat="47.737350" lon="6.748850">
        <ele>551</ele>
        <time>2026-01-27T19:16:41+00:00</time>
      </trkpt>
      <trkpt lat="47.737340" lon="6.748960">
        <ele>551</ele>
        <time>2026-01-27T19:16:44+00:00</time>
      </trkpt>
      <trkpt lat="47.737290" lon="6.749010">
        <ele>552</ele>
        <time>2026-01-27T19:16:47+00:00</time>
      </trkpt>
      <trkpt lat="47.737290" lon="6.749100">
        <ele>552</ele>
        <time>2026-01-27T19:16:50+00:00</time>
      </trkpt>
      <trkpt lat="47.737270" lon="6.749210">
        <ele>551</ele>
        <time>2026-01-27T19:16:53+00:00</time>
      </trkpt>
      <trkpt lat="47.737190" lon="6.749280">
        <ele>552</ele>
        <time>2026-01-27T19:16:56+00:00</time>
      </trkpt>
      <trkpt lat="47.737100" lon="6.749340">
        <ele>551</ele>
        <time>2026-01-27T19:16:59+00:00</time>
      </trkpt>
      <trkpt lat="47.737020" lon="6.749320">
        <ele>550</ele>
        <time>2026-01-27T19:17:02+00:00</time>
      </trkpt>
      <trkpt lat="47.737010" lon="6.749390">
        <ele>550</ele>
        <time>2026-01-27T19:17:05+00:00</time>
      </trkpt>
      <trkpt lat="47.736930" lon="6.749440">
        <ele>548</ele>
        <time>2026-01-27T19:17:08+00:00</time>
      </trkpt>
      <trkpt lat="47.736860" lon="6.749460">
        <ele>548</ele>
        <time>2026-01-27T19:17:11+00:00</time>
      </trkpt>
      <trkpt lat="47.736850" lon="6.749530">
        <ele>547</ele>
        <time>2026-01-27T19:17:14+00:00</time>
      </trkpt>
      <trkpt lat="47.736770" lon="6.749540">
        <ele>546</ele>
        <time>2026-01-27T19:17:17+00:00</time>
      </trkpt>
      <trkpt lat="47.736760" lon="6.749610">
        <ele>545</ele>
        <time>2026-01-27T19:17:20+00:00</time>
      </trkpt>
      <trkpt lat="47.736670" lon="6.749650">
        <ele>543</ele>
        <time>2026-01-27T19:17:23+00:00</time>
      </trkpt>
      <trkpt lat="47.736610" lon="6.749650">
        <ele>543</ele>
        <time>2026-01-27T19:17:26+00:00</time>
      </trkpt>
      <trkpt lat="47.736540" lon="6.749680">
        <ele>542</ele>
        <time>2026-01-27T19:17:29+00:00</time>
      </trkpt>
      <trkpt lat="47.736490" lon="6.749600">
        <ele>541</ele>
        <time>2026-01-27T19:17:32+00:00</time>
      </trkpt>
      <trkpt lat="47.736320" lon="6.749520">
        <ele>540</ele>
        <time>2026-01-27T19:17:35+00:00</time>
      </trkpt>
      <trkpt lat="47.736280" lon="6.749460">
        <ele>539</ele>
        <time>2026-01-27T19:17:38+00:00</time>
      </trkpt>
      <trkpt lat="47.736240" lon="6.749370">
        <ele>539</ele>
        <time>2026-01-27T19:17:41+00:00</time>
      </trkpt>
      <trkpt lat="47.736180" lon="6.749360">
        <ele>537</ele>
        <time>2026-01-27T19:17:44+00:00</time>
      </trkpt>
      <trkpt lat="47.736100" lon="6.749380">
        <ele>536</ele>
        <time>2026-01-27T19:17:47+00:00</time>
      </trkpt>
      <trkpt lat="47.736030" lon="6.749370">
        <ele>536</ele>
        <time>2026-01-27T19:17:50+00:00</time>
      </trkpt>
      <trkpt lat="47.735960" lon="6.749410">
        <ele>535</ele>
        <time>2026-01-27T19:17:53+00:00</time>
      </trkpt>
      <trkpt lat="47.735850" lon="6.749450">
        <ele>533</ele>
        <time>2026-01-27T19:17:56+00:00</time>
      </trkpt>
      <trkpt lat="47.735790" lon="6.749450">
        <ele>533</ele>
        <time>2026-01-27T19:17:59+00:00</time>
      </trkpt>
      <trkpt lat="47.735710" lon="6.749310">
        <ele>534</ele>
        <time>2026-01-27T19:18:02+00:00</time>
      </trkpt>
      <trkpt lat="47.735660" lon="6.749270">
        <ele>533</ele>
        <time>2026-01-27T19:18:05+00:00</time>
      </trkpt>
      <trkpt lat="47.735620" lon="6.749210">
        <ele>533</ele>
        <time>2026-01-27T19:18:08+00:00</time>
      </trkpt>
      <trkpt lat="47.735560" lon="6.749080">
        <ele>534</ele>
        <time>2026-01-27T19:18:11+00:00</time>
      </trkpt>
      <trkpt lat="47.735550" lon="6.749010">
        <ele>534</ele>
        <time>2026-01-27T19:18:14+00:00</time>
      </trkpt>
      <trkpt lat="47.735520" lon="6.748930">
        <ele>534</ele>
        <time>2026-01-27T19:18:17+00:00</time>
      </trkpt>
      <trkpt lat="47.735500" lon="6.748850">
        <ele>535</ele>
        <time>2026-01-27T19:18:20+00:00</time>
      </trkpt>
      <trkpt lat="47.735460" lon="6.748780">
        <ele>536</ele>
        <time>2026-01-27T19:18:23+00:00</time>
      </trkpt>
      <trkpt lat="47.735450" lon="6.748640">
        <ele>536</ele>
        <time>2026-01-27T19:18:26+00:00</time>
      </trkpt>
      <trkpt lat="47.735410" lon="6.748510">
        <ele>536</ele>
        <time>2026-01-27T19:18:29+00:00</time>
      </trkpt>
      <trkpt lat="47.735430" lon="6.748380">
        <ele>537</ele>
        <time>2026-01-27T19:18:32+00:00</time>
      </trkpt>
      <trkpt lat="47.735420" lon="6.748240">
        <ele>537</ele>
        <time>2026-01-27T19:18:35+00:00</time>
      </trkpt>
      <trkpt lat="47.735390" lon="6.748150">
        <ele>535</ele>
        <time>2026-01-27T19:18:38+00:00</time>
      </trkpt>
      <trkpt lat="47.735390" lon="6.748030">
        <ele>536</ele>
        <time>2026-01-27T19:18:41+00:00</time>
      </trkpt>
      <trkpt lat="47.735380" lon="6.747910">
        <ele>537</ele>
        <time>2026-01-27T19:18:44+00:00</time>
      </trkpt>
      <trkpt lat="47.735380" lon="6.747680">
        <ele>538</ele>
        <time>2026-01-27T19:18:47+00:00</time>
      </trkpt>
      <trkpt lat="47.735360" lon="6.747610">
        <ele>538</ele>
        <time>2026-01-27T19:18:50+00:00</time>
      </trkpt>
      <trkpt lat="47.735340" lon="6.747470">
        <ele>539</ele>
        <time>2026-01-27T19:18:53+00:00</time>
      </trkpt>
      <trkpt lat="47.735310" lon="6.747340">
        <ele>537</ele>
        <time>2026-01-27T19:18:56+00:00</time>
      </trkpt>
      <trkpt lat="47.735310" lon="6.747230">
        <ele>539</ele>
        <time>2026-01-27T19:18:59+00:00</time>
      </trkpt>
      <trkpt lat="47.735250" lon="6.747060">
        <ele>537</ele>
        <time>2026-01-27T19:19:02+00:00</time>
      </trkpt>
      <trkpt lat="47.735240" lon="6.746940">
        <ele>538</ele>
        <time>2026-01-27T19:19:05+00:00</time>
      </trkpt>
      <trkpt lat="47.735200" lon="6.746870">
        <ele>538</ele>
        <time>2026-01-27T19:19:08+00:00</time>
      </trkpt>
      <trkpt lat="47.735160" lon="6.746640">
        <ele>537</ele>
        <time>2026-01-27T19:19:11+00:00</time>
      </trkpt>
      <trkpt lat="47.735110" lon="6.746500">
        <ele>538</ele>
        <time>2026-01-27T19:19:14+00:00</time>
      </trkpt>
      <trkpt lat="47.735080" lon="6.746390">
        <ele>537</ele>
        <time>2026-01-27T19:19:17+00:00</time>
      </trkpt>
      <trkpt lat="47.735030" lon="6.746300">
        <ele>537</ele>
        <time>2026-01-27T19:19:20+00:00</time>
      </trkpt>
      <trkpt lat="47.734980" lon="6.745970">
        <ele>535</ele>
        <time>2026-01-27T19:19:23+00:00</time>
      </trkpt>
      <trkpt lat="47.734980" lon="6.745790">
        <ele>534</ele>
        <time>2026-01-27T19:19:26+00:00</time>
      </trkpt>
      <trkpt lat="47.735010" lon="6.745520">
        <ele>535</ele>
        <time>2026-01-27T19:19:29+00:00</time>
      </trkpt>
      <trkpt lat="47.735050" lon="6.745230">
        <ele>531</ele>
        <time>2026-01-27T19:19:32+00:00</time>
      </trkpt>
      <trkpt lat="47.735200" lon="6.744840">
        <ele>528</ele>
        <time>2026-01-27T19:19:35+00:00</time>
      </trkpt>
      <trkpt lat="47.735510" lon="6.744070">
        <ele>521</ele>
        <time>2026-01-27T19:19:38+00:00</time>
      </trkpt>
      <trkpt lat="47.735500" lon="6.743760">
        <ele>521</ele>
        <time>2026-01-27T19:19:41+00:00</time>
      </trkpt>
      <trkpt lat="47.735410" lon="6.743670">
        <ele>521</ele>
        <time>2026-01-27T19:19:44+00:00</time>
      </trkpt>
      <trkpt lat="47.735320" lon="6.743660">
        <ele>521</ele>
        <time>2026-01-27T19:19:47+00:00</time>
      </trkpt>
      <trkpt lat="47.735210" lon="6.743630">
        <ele>521</ele>
        <time>2026-01-27T19:19:50+00:00</time>
      </trkpt>
      <trkpt lat="47.735150" lon="6.743570">
        <ele>521</ele>
        <time>2026-01-27T19:19:53+00:00</time>
      </trkpt>
      <trkpt lat="47.735100" lon="6.743450">
        <ele>521</ele>
        <time>2026-01-27T19:19:56+00:00</time>
      </trkpt>
      <trkpt lat="47.735080" lon="6.743320">
        <ele>521</ele>
        <time>2026-01-27T19:19:59+00:00</time>
      </trkpt>
      <trkpt lat="47.735080" lon="6.743070">
        <ele>521</ele>
        <time>2026-01-27T19:20:02+00:00</time>
      </trkpt>
      <trkpt lat="47.735110" lon="6.742890">
        <ele>523</ele>
        <time>2026-01-27T19:20:05+00:00</time>
      </trkpt>
      <trkpt lat="47.735100" lon="6.742770">
        <ele>523</ele>
        <time>2026-01-27T19:20:08+00:00</time>
      </trkpt>
      <trkpt lat="47.735050" lon="6.742570">
        <ele>525</ele>
        <time>2026-01-27T19:20:11+00:00</time>
      </trkpt>
      <trkpt lat="47.735050" lon="6.742530">
        <ele>525</ele>
        <time>2026-01-27T19:20:14+00:00</time>
      </trkpt>
      <trkpt lat="47.734960" lon="6.742130">
        <ele>528</ele>
        <time>2026-01-27T19:20:17+00:00</time>
      </trkpt>
      <trkpt lat="47.734910" lon="6.742050">
        <ele>528</ele>
        <time>2026-01-27T19:20:20+00:00</time>
      </trkpt>
      <trkpt lat="47.734840" lon="6.741960">
        <ele>529</ele>
        <time>2026-01-27T19:20:23+00:00</time>
      </trkpt>
      <trkpt lat="47.734780" lon="6.741780">
        <ele>531</ele>
        <time>2026-01-27T19:20:26+00:00</time>
      </trkpt>
      <trkpt lat="47.734710" lon="6.741610">
        <ele>531</ele>
        <time>2026-01-27T19:20:29+00:00</time>
      </trkpt>
      <trkpt lat="47.734680" lon="6.741230">
        <ele>533</ele>
        <time>2026-01-27T19:20:32+00:00</time>
      </trkpt>
      <trkpt lat="47.734650" lon="6.741080">
        <ele>534</ele>
        <time>2026-01-27T19:20:35+00:00</time>
      </trkpt>
      <trkpt lat="47.734630" lon="6.740890">
        <ele>533</ele>
        <time>2026-01-27T19:20:38+00:00</time>
      </trkpt>
      <trkpt lat="47.734650" lon="6.740850">
        <ele>533</ele>
        <time>2026-01-27T19:20:41+00:00</time>
      </trkpt>
      <trkpt lat="47.734630" lon="6.740770">
        <ele>533</ele>
        <time>2026-01-27T19:20:44+00:00</time>
      </trkpt>
      <trkpt lat="47.734560" lon="6.740350">
        <ele>533</ele>
        <time>2026-01-27T19:20:47+00:00</time>
      </trkpt>
      <trkpt lat="47.734490" lon="6.740150">
        <ele>533</ele>
        <time>2026-01-27T19:20:50+00:00</time>
      </trkpt>
      <trkpt lat="47.734430" lon="6.740030">
        <ele>533</ele>
        <time>2026-01-27T19:20:53+00:00</time>
      </trkpt>
      <trkpt lat="47.734350" lon="6.739920">
        <ele>533</ele>
        <time>2026-01-27T19:20:56+00:00</time>
      </trkpt>
      <trkpt lat="47.734210" lon="6.739750">
        <ele>531</ele>
        <time>2026-01-27T19:20:59+00:00</time>
      </trkpt>
      <trkpt lat="47.734170" lon="6.739660">
        <ele>531</ele>
        <time>2026-01-27T19:21:02+00:00</time>
      </trkpt>
      <trkpt lat="47.734100" lon="6.739550">
        <ele>530</ele>
        <time>2026-01-27T19:21:05+00:00</time>
      </trkpt>
      <trkpt lat="47.734080" lon="6.739490">
        <ele>530</ele>
        <time>2026-01-27T19:21:08+00:00</time>
      </trkpt>
      <trkpt lat="47.734070" lon="6.739410">
        <ele>530</ele>
        <time>2026-01-27T19:21:11+00:00</time>
      </trkpt>
      <trkpt lat="47.733940" lon="6.739130">
        <ele>528</ele>
        <time>2026-01-27T19:21:14+00:00</time>
      </trkpt>
      <trkpt lat="47.733920" lon="6.739070">
        <ele>527</ele>
        <time>2026-01-27T19:21:17+00:00</time>
      </trkpt>
      <trkpt lat="47.733710" lon="6.738750">
        <ele>526</ele>
        <time>2026-01-27T19:21:20+00:00</time>
      </trkpt>
      <trkpt lat="47.733620" lon="6.738670">
        <ele>525</ele>
        <time>2026-01-27T19:21:23+00:00</time>
      </trkpt>
      <trkpt lat="47.733570" lon="6.738570">
        <ele>524</ele>
        <time>2026-01-27T19:21:26+00:00</time>
      </trkpt>
      <trkpt lat="47.733520" lon="6.738490">
        <ele>524</ele>
        <time>2026-01-27T19:21:29+00:00</time>
      </trkpt>
      <trkpt lat="47.733390" lon="6.738330">
        <ele>524</ele>
        <time>2026-01-27T19:21:32+00:00</time>
      </trkpt>
      <trkpt lat="47.733120" lon="6.738090">
        <ele>523</ele>
        <time>2026-01-27T19:21:35+00:00</time>
      </trkpt>
      <trkpt lat="47.733100" lon="6.738060">
        <ele>523</ele>
        <time>2026-01-27T19:21:38+00:00</time>
      </trkpt>
      <trkpt lat="47.732820" lon="6.737830">
        <ele>521</ele>
        <time>2026-01-27T19:21:41+00:00</time>
      </trkpt>
      <trkpt lat="47.732720" lon="6.737730">
        <ele>520</ele>
        <time>2026-01-27T19:21:44+00:00</time>
      </trkpt>
      <trkpt lat="47.732640" lon="6.737680">
        <ele>520</ele>
        <time>2026-01-27T19:21:47+00:00</time>
      </trkpt>
      <trkpt lat="47.732410" lon="6.737630">
        <ele>519</ele>
        <time>2026-01-27T19:21:50+00:00</time>
      </trkpt>
      <trkpt lat="47.732200" lon="6.737560">
        <ele>517</ele>
        <time>2026-01-27T19:21:53+00:00</time>
      </trkpt>
      <trkpt lat="47.732030" lon="6.737530">
        <ele>517</ele>
        <time>2026-01-27T19:21:56+00:00</time>
      </trkpt>
      <trkpt lat="47.731870" lon="6.737490">
        <ele>517</ele>
        <time>2026-01-27T19:21:59+00:00</time>
      </trkpt>
      <trkpt lat="47.731690" lon="6.737440">
        <ele>518</ele>
        <time>2026-01-27T19:22:02+00:00</time>
      </trkpt>
      <trkpt lat="47.731520" lon="6.737410">
        <ele>518</ele>
        <time>2026-01-27T19:22:05+00:00</time>
      </trkpt>
      <trkpt lat="47.731400" lon="6.737360">
        <ele>518</ele>
        <time>2026-01-27T19:22:08+00:00</time>
      </trkpt>
      <trkpt lat="47.731290" lon="6.737290">
        <ele>518</ele>
        <time>2026-01-27T19:22:11+00:00</time>
      </trkpt>
      <trkpt lat="47.731220" lon="6.737230">
        <ele>518</ele>
        <time>2026-01-27T19:22:14+00:00</time>
      </trkpt>
      <trkpt lat="47.731150" lon="6.737200">
        <ele>518</ele>
        <time>2026-01-27T19:22:17+00:00</time>
      </trkpt>
      <trkpt lat="47.731060" lon="6.737150">
        <ele>516</ele>
        <time>2026-01-27T19:22:20+00:00</time>
      </trkpt>
      <trkpt lat="47.731010" lon="6.737160">
        <ele>516</ele>
        <time>2026-01-27T19:22:23+00:00</time>
      </trkpt>
      <trkpt lat="47.730870" lon="6.737120">
        <ele>513</ele>
        <time>2026-01-27T19:22:26+00:00</time>
      </trkpt>
      <trkpt lat="47.730790" lon="6.737160">
        <ele>510</ele>
        <time>2026-01-27T19:22:29+00:00</time>
      </trkpt>
      <trkpt lat="47.730740" lon="6.737150">
        <ele>510</ele>
        <time>2026-01-27T19:22:32+00:00</time>
      </trkpt>
      <trkpt lat="47.730680" lon="6.737170">
        <ele>507</ele>
        <time>2026-01-27T19:22:35+00:00</time>
      </trkpt>
      <trkpt lat="47.730640" lon="6.737160">
        <ele>507</ele>
        <time>2026-01-27T19:22:38+00:00</time>
      </trkpt>
      <trkpt lat="47.730620" lon="6.737140">
        <ele>507</ele>
        <time>2026-01-27T19:22:41+00:00</time>
      </trkpt>
      <trkpt lat="47.730580" lon="6.737120">
        <ele>505</ele>
        <time>2026-01-27T19:22:44+00:00</time>
      </trkpt>
      <trkpt lat="47.730560" lon="6.737100">
        <ele>504</ele>
        <time>2026-01-27T19:22:47+00:00</time>
      </trkpt>
      <trkpt lat="47.730550" lon="6.737040">
        <ele>504</ele>
        <time>2026-01-27T19:22:50+00:00</time>
      </trkpt>
      <trkpt lat="47.730520" lon="6.736990">
        <ele>505</ele>
        <time>2026-01-27T19:22:53+00:00</time>
      </trkpt>
      <trkpt lat="47.730480" lon="6.736950">
        <ele>501</ele>
        <time>2026-01-27T19:22:56+00:00</time>
      </trkpt>
      <trkpt lat="47.730360" lon="6.736890">
        <ele>499</ele>
        <time>2026-01-27T19:22:59+00:00</time>
      </trkpt>
      <trkpt lat="47.730340" lon="6.736860">
        <ele>499</ele>
        <time>2026-01-27T19:23:02+00:00</time>
      </trkpt>
      <trkpt lat="47.730270" lon="6.736820">
        <ele>498</ele>
        <time>2026-01-27T19:23:05+00:00</time>
      </trkpt>
      <trkpt lat="47.730230" lon="6.736770">
        <ele>497</ele>
        <time>2026-01-27T19:23:08+00:00</time>
      </trkpt>
      <trkpt lat="47.730220" lon="6.736680">
        <ele>497</ele>
        <time>2026-01-27T19:23:11+00:00</time>
      </trkpt>
      <trkpt lat="47.730140" lon="6.736600">
        <ele>495</ele>
        <time>2026-01-27T19:23:14+00:00</time>
      </trkpt>
      <trkpt lat="47.730100" lon="6.736520">
        <ele>493</ele>
        <time>2026-01-27T19:23:17+00:00</time>
      </trkpt>
      <trkpt lat="47.730080" lon="6.736440">
        <ele>492</ele>
        <time>2026-01-27T19:23:20+00:00</time>
      </trkpt>
      <trkpt lat="47.730020" lon="6.736380">
        <ele>491</ele>
        <time>2026-01-27T19:23:23+00:00</time>
      </trkpt>
      <trkpt lat="47.729970" lon="6.736370">
        <ele>490</ele>
        <time>2026-01-27T19:23:26+00:00</time>
      </trkpt>
      <trkpt lat="47.729950" lon="6.736340">
        <ele>490</ele>
        <time>2026-01-27T19:23:29+00:00</time>
      </trkpt>
      <trkpt lat="47.729860" lon="6.736260">
        <ele>488</ele>
        <time>2026-01-27T19:23:32+00:00</time>
      </trkpt>
      <trkpt lat="47.729850" lon="6.736210">
        <ele>488</ele>
        <time>2026-01-27T19:23:35+00:00</time>
      </trkpt>
      <trkpt lat="47.729860" lon="6.736180">
        <ele>487</ele>
        <time>2026-01-27T19:23:38+00:00</time>
      </trkpt>
      <trkpt lat="47.729840" lon="6.736090">
        <ele>486</ele>
        <time>2026-01-27T19:23:41+00:00</time>
      </trkpt>
      <trkpt lat="47.729830" lon="6.736070">
        <ele>486</ele>
        <time>2026-01-27T19:23:44+00:00</time>
      </trkpt>
      <trkpt lat="47.729720" lon="6.736130">
        <ele>489</ele>
        <time>2026-01-27T19:23:47+00:00</time>
      </trkpt>
      <trkpt lat="47.729700" lon="6.736190">
        <ele>487</ele>
        <time>2026-01-27T19:23:50+00:00</time>
      </trkpt>
      <trkpt lat="47.729690" lon="6.736310">
        <ele>490</ele>
        <time>2026-01-27T19:23:53+00:00</time>
      </trkpt>
      <trkpt lat="47.729680" lon="6.736350">
        <ele>490</ele>
        <time>2026-01-27T19:23:56+00:00</time>
      </trkpt>
      <trkpt lat="47.729650" lon="6.736410">
        <ele>491</ele>
        <time>2026-01-27T19:23:59+00:00</time>
      </trkpt>
      <trkpt lat="47.729470" lon="6.736660">
        <ele>493</ele>
        <time>2026-01-27T19:24:02+00:00</time>
      </trkpt>
      <trkpt lat="47.729470" lon="6.736640">
        <ele>493</ele>
        <time>2026-01-27T19:24:05+00:00</time>
      </trkpt>
      <trkpt lat="47.729440" lon="6.736510">
        <ele>493</ele>
        <time>2026-01-27T19:24:08+00:00</time>
      </trkpt>
      <trkpt lat="47.729410" lon="6.736440">
        <ele>492</ele>
        <time>2026-01-27T19:24:11+00:00</time>
      </trkpt>
      <trkpt lat="47.729390" lon="6.736350">
        <ele>493</ele>
        <time>2026-01-27T19:24:14+00:00</time>
      </trkpt>
      <trkpt lat="47.729370" lon="6.736190">
        <ele>490</ele>
        <time>2026-01-27T19:24:17+00:00</time>
      </trkpt>
      <trkpt lat="47.729290" lon="6.736030">
        <ele>491</ele>
        <time>2026-01-27T19:24:20+00:00</time>
      </trkpt>
      <trkpt lat="47.729280" lon="6.735990">
        <ele>489</ele>
        <time>2026-01-27T19:24:23+00:00</time>
      </trkpt>
      <trkpt lat="47.729240" lon="6.735950">
        <ele>489</ele>
        <time>2026-01-27T19:24:26+00:00</time>
      </trkpt>
      <trkpt lat="47.729220" lon="6.735900">
        <ele>489</ele>
        <time>2026-01-27T19:24:29+00:00</time>
      </trkpt>
      <trkpt lat="47.729100" lon="6.735730">
        <ele>488</ele>
        <time>2026-01-27T19:24:32+00:00</time>
      </trkpt>
      <trkpt lat="47.729060" lon="6.735630">
        <ele>488</ele>
        <time>2026-01-27T19:24:35+00:00</time>
      </trkpt>
      <trkpt lat="47.728870" lon="6.735360">
        <ele>487</ele>
        <time>2026-01-27T19:24:38+00:00</time>
      </trkpt>
      <trkpt lat="47.728750" lon="6.735120">
        <ele>486</ele>
        <time>2026-01-27T19:24:41+00:00</time>
      </trkpt>
      <trkpt lat="47.728650" lon="6.735020">
        <ele>487</ele>
        <time>2026-01-27T19:24:44+00:00</time>
      </trkpt>
      <trkpt lat="47.728610" lon="6.734920">
        <ele>486</ele>
        <time>2026-01-27T19:24:47+00:00</time>
      </trkpt>
      <trkpt lat="47.728560" lon="6.734850">
        <ele>486</ele>
        <time>2026-01-27T19:24:50+00:00</time>
      </trkpt>
      <trkpt lat="47.728560" lon="6.734820">
        <ele>486</ele>
        <time>2026-01-27T19:24:53+00:00</time>
      </trkpt>
      <trkpt lat="47.728540" lon="6.734780">
        <ele>484</ele>
        <time>2026-01-27T19:24:56+00:00</time>
      </trkpt>
      <trkpt lat="47.728540" lon="6.734770">
        <ele>484</ele>
        <time>2026-01-27T19:24:59+00:00</time>
      </trkpt>
      <trkpt lat="47.728550" lon="6.734690">
        <ele>482</ele>
        <time>2026-01-27T19:25:02+00:00</time>
      </trkpt>
      <trkpt lat="47.728570" lon="6.734700">
        <ele>484</ele>
        <time>2026-01-27T19:25:05+00:00</time>
      </trkpt>
      <trkpt lat="47.728560" lon="6.734680">
        <ele>482</ele>
        <time>2026-01-27T19:25:08+00:00</time>
      </trkpt>
      <trkpt lat="47.728570" lon="6.734610">
        <ele>482</ele>
        <time>2026-01-27T19:25:11+00:00</time>
      </trkpt>
      <trkpt lat="47.728560" lon="6.734570">
        <ele>481</ele>
        <time>2026-01-27T19:25:14+00:00</time>
      </trkpt>
      <trkpt lat="47.728520" lon="6.734470">
        <ele>478</ele>
        <time>2026-01-27T19:25:17+00:00</time>
      </trkpt>
      <trkpt lat="47.728520" lon="6.734400">
        <ele>478</ele>
        <time>2026-01-27T19:25:20+00:00</time>
      </trkpt>
      <trkpt lat="47.728500" lon="6.734330">
        <ele>477</ele>
        <time>2026-01-27T19:25:23+00:00</time>
      </trkpt>
      <trkpt lat="47.728480" lon="6.734220">
        <ele>478</ele>
        <time>2026-01-27T19:25:26+00:00</time>
      </trkpt>
      <trkpt lat="47.728450" lon="6.734120">
        <ele>474</ele>
        <time>2026-01-27T19:25:29+00:00</time>
      </trkpt>
      <trkpt lat="47.728420" lon="6.734080">
        <ele>472</ele>
        <time>2026-01-27T19:25:32+00:00</time>
      </trkpt>
      <trkpt lat="47.728380" lon="6.733930">
        <ele>472</ele>
        <time>2026-01-27T19:25:35+00:00</time>
      </trkpt>
      <trkpt lat="47.728300" lon="6.733850">
        <ele>470</ele>
        <time>2026-01-27T19:25:38+00:00</time>
      </trkpt>
      <trkpt lat="47.728250" lon="6.733770">
        <ele>467</ele>
        <time>2026-01-27T19:25:41+00:00</time>
      </trkpt>
      <trkpt lat="47.728230" lon="6.733700">
        <ele>467</ele>
        <time>2026-01-27T19:25:44+00:00</time>
      </trkpt>
      <trkpt lat="47.728200" lon="6.733670">
        <ele>465</ele>
        <time>2026-01-27T19:25:47+00:00</time>
      </trkpt>
      <trkpt lat="47.728190" lon="6.733640">
        <ele>466</ele>
        <time>2026-01-27T19:25:50+00:00</time>
      </trkpt>
      <trkpt lat="47.728150" lon="6.733630">
        <ele>466</ele>
        <time>2026-01-27T19:25:53+00:00</time>
      </trkpt>
      <trkpt lat="47.728090" lon="6.733560">
        <ele>464</ele>
        <time>2026-01-27T19:25:56+00:00</time>
      </trkpt>
      <trkpt lat="47.727930" lon="6.733350">
        <ele>461</ele>
        <time>2026-01-27T19:25:59+00:00</time>
      </trkpt>
      <trkpt lat="47.727870" lon="6.733250">
        <ele>456</ele>
        <time>2026-01-27T19:26:02+00:00</time>
      </trkpt>
      <trkpt lat="47.727760" lon="6.733150">
        <ele>453</ele>
        <time>2026-01-27T19:26:05+00:00</time>
      </trkpt>
      <trkpt lat="47.727660" lon="6.732990">
        <ele>447</ele>
        <time>2026-01-27T19:26:08+00:00</time>
      </trkpt>
      <trkpt lat="47.727600" lon="6.732950">
        <ele>451</ele>
        <time>2026-01-27T19:26:11+00:00</time>
      </trkpt>
      <trkpt lat="47.727530" lon="6.732880">
        <ele>447</ele>
        <time>2026-01-27T19:26:14+00:00</time>
      </trkpt>
      <trkpt lat="47.727460" lon="6.732760">
        <ele>446</ele>
        <time>2026-01-27T19:26:17+00:00</time>
      </trkpt>
      <trkpt lat="47.727450" lon="6.732720">
        <ele>446</ele>
        <time>2026-01-27T19:26:20+00:00</time>
      </trkpt>
      <trkpt lat="47.727350" lon="6.732680">
        <ele>446</ele>
        <time>2026-01-27T19:26:23+00:00</time>
      </trkpt>
      <trkpt lat="47.727260" lon="6.732600">
        <ele>444</ele>
        <time>2026-01-27T19:26:26+00:00</time>
      </trkpt>
      <trkpt lat="47.727200" lon="6.732520">
        <ele>444</ele>
        <time>2026-01-27T19:26:29+00:00</time>
      </trkpt>
      <trkpt lat="47.727150" lon="6.732470">
        <ele>443</ele>
        <time>2026-01-27T19:26:32+00:00</time>
      </trkpt>
      <trkpt lat="47.727140" lon="6.732470">
        <ele>443</ele>
        <time>2026-01-27T19:26:35+00:00</time>
      </trkpt>
      <trkpt lat="47.727110" lon="6.732450">
        <ele>443</ele>
        <time>2026-01-27T19:26:38+00:00</time>
      </trkpt>
      <trkpt lat="47.726970" lon="6.732310">
        <ele>439</ele>
        <time>2026-01-27T19:26:41+00:00</time>
      </trkpt>
      <trkpt lat="47.726960" lon="6.732250">
        <ele>439</ele>
        <time>2026-01-27T19:26:44+00:00</time>
      </trkpt>
      <trkpt lat="47.726960" lon="6.732130">
        <ele>439</ele>
        <time>2026-01-27T19:26:47+00:00</time>
      </trkpt>
      <trkpt lat="47.726990" lon="6.731990">
        <ele>436</ele>
        <time>2026-01-27T19:26:50+00:00</time>
      </trkpt>
      <trkpt lat="47.726990" lon="6.731840">
        <ele>438</ele>
        <time>2026-01-27T19:26:53+00:00</time>
      </trkpt>
      <trkpt lat="47.726960" lon="6.731250">
        <ele>438</ele>
        <time>2026-01-27T19:26:56+00:00</time>
      </trkpt>
      <trkpt lat="47.726930" lon="6.731120">
        <ele>438</ele>
        <time>2026-01-27T19:26:59+00:00</time>
      </trkpt>
      <trkpt lat="47.726920" lon="6.731100">
        <ele>438</ele>
        <time>2026-01-27T19:27:02+00:00</time>
      </trkpt>
      <trkpt lat="47.726830" lon="6.731000">
        <ele>439</ele>
        <time>2026-01-27T19:27:05+00:00</time>
      </trkpt>
      <trkpt lat="47.726810" lon="6.730990">
        <ele>439</ele>
        <time>2026-01-27T19:27:08+00:00</time>
      </trkpt>
      <trkpt lat="47.726730" lon="6.731030">
        <ele>439</ele>
        <time>2026-01-27T19:27:11+00:00</time>
      </trkpt>
      <trkpt lat="47.726640" lon="6.731040">
        <ele>439</ele>
        <time>2026-01-27T19:27:14+00:00</time>
      </trkpt>
      <trkpt lat="47.726530" lon="6.731070">
        <ele>439</ele>
        <time>2026-01-27T19:27:17+00:00</time>
      </trkpt>
      <trkpt lat="47.726410" lon="6.731090">
        <ele>439</ele>
        <time>2026-01-27T19:27:20+00:00</time>
      </trkpt>
      <trkpt lat="47.726360" lon="6.731090">
        <ele>438</ele>
        <time>2026-01-27T19:27:23+00:00</time>
      </trkpt>
      <trkpt lat="47.726290" lon="6.731060">
        <ele>439</ele>
        <time>2026-01-27T19:27:26+00:00</time>
      </trkpt>
      <trkpt lat="47.726120" lon="6.731090">
        <ele>438</ele>
        <time>2026-01-27T19:27:29+00:00</time>
      </trkpt>
      <trkpt lat="47.725930" lon="6.731100">
        <ele>438</ele>
        <time>2026-01-27T19:27:32+00:00</time>
      </trkpt>
      <trkpt lat="47.725490" lon="6.731050">
        <ele>438</ele>
        <time>2026-01-27T19:27:35+00:00</time>
      </trkpt>
      <trkpt lat="47.725340" lon="6.731050">
        <ele>438</ele>
        <time>2026-01-27T19:27:38+00:00</time>
      </trkpt>
      <trkpt lat="47.725170" lon="6.731020">
        <ele>437</ele>
        <time>2026-01-27T19:27:41+00:00</time>
      </trkpt>
      <trkpt lat="47.724770" lon="6.731010">
        <ele>436</ele>
        <time>2026-01-27T19:27:44+00:00</time>
      </trkpt>
      <trkpt lat="47.724650" lon="6.731000">
        <ele>436</ele>
        <time>2026-01-27T19:27:47+00:00</time>
      </trkpt>
      <trkpt lat="47.724510" lon="6.730960">
        <ele>436</ele>
        <time>2026-01-27T19:27:50+00:00</time>
      </trkpt>
      <trkpt lat="47.724340" lon="6.730850">
        <ele>435</ele>
        <time>2026-01-27T19:27:53+00:00</time>
      </trkpt>
      <trkpt lat="47.724260" lon="6.730760">
        <ele>435</ele>
        <time>2026-01-27T19:27:56+00:00</time>
      </trkpt>
      <trkpt lat="47.724210" lon="6.730730">
        <ele>435</ele>
        <time>2026-01-27T19:27:59+00:00</time>
      </trkpt>
      <trkpt lat="47.724080" lon="6.730630">
        <ele>435</ele>
        <time>2026-01-27T19:28:02+00:00</time>
      </trkpt>
      <trkpt lat="47.724070" lon="6.730640">
        <ele>435</ele>
        <time>2026-01-27T19:28:05+00:00</time>
      </trkpt>
      <trkpt lat="47.723880" lon="6.730610">
        <ele>435</ele>
        <time>2026-01-27T19:28:08+00:00</time>
      </trkpt>
      <trkpt lat="47.723690" lon="6.730610">
        <ele>435</ele>
        <time>2026-01-27T19:28:11+00:00</time>
      </trkpt>
      <trkpt lat="47.723570" lon="6.730630">
        <ele>435</ele>
        <time>2026-01-27T19:28:14+00:00</time>
      </trkpt>
      <trkpt lat="47.723520" lon="6.730640">
        <ele>435</ele>
        <time>2026-01-27T19:28:17+00:00</time>
      </trkpt>
      <trkpt lat="47.723420" lon="6.730700">
        <ele>434</ele>
        <time>2026-01-27T19:28:20+00:00</time>
      </trkpt>
      <trkpt lat="47.723150" lon="6.730740">
        <ele>433</ele>
        <time>2026-01-27T19:28:23+00:00</time>
      </trkpt>
      <trkpt lat="47.722740" lon="6.730800">
        <ele>431</ele>
        <time>2026-01-27T19:28:26+00:00</time>
      </trkpt>
      <trkpt lat="47.722540" lon="6.730870">
        <ele>431</ele>
        <time>2026-01-27T19:28:29+00:00</time>
      </trkpt>
      <trkpt lat="47.722460" lon="6.730760">
        <ele>431</ele>
        <time>2026-01-27T19:28:32+00:00</time>
      </trkpt>
      <trkpt lat="47.722320" lon="6.730610">
        <ele>431</ele>
        <time>2026-01-27T19:28:35+00:00</time>
      </trkpt>
      <trkpt lat="47.722140" lon="6.730430">
        <ele>431</ele>
        <time>2026-01-27T19:28:38+00:00</time>
      </trkpt>
      <trkpt lat="47.722120" lon="6.730400">
        <ele>431</ele>
        <time>2026-01-27T19:28:41+00:00</time>
      </trkpt>
      <trkpt lat="47.722070" lon="6.730220">
        <ele>432</ele>
        <time>2026-01-27T19:28:44+00:00</time>
      </trkpt>
      <trkpt lat="47.722040" lon="6.730030">
        <ele>433</ele>
        <time>2026-01-27T19:28:47+00:00</time>
      </trkpt>
      <trkpt lat="47.721960" lon="6.729770">
        <ele>434</ele>
        <time>2026-01-27T19:28:50+00:00</time>
      </trkpt>
      <trkpt lat="47.721870" lon="6.729560">
        <ele>436</ele>
        <time>2026-01-27T19:28:53+00:00</time>
      </trkpt>
      <trkpt lat="47.721730" lon="6.729430">
        <ele>438</ele>
        <time>2026-01-27T19:28:56+00:00</time>
      </trkpt>
      <trkpt lat="47.721570" lon="6.729270">
        <ele>441</ele>
        <time>2026-01-27T19:28:59+00:00</time>
      </trkpt>
      <trkpt lat="47.721470" lon="6.729150">
        <ele>444</ele>
        <time>2026-01-27T19:29:02+00:00</time>
      </trkpt>
      <trkpt lat="47.721300" lon="6.728850">
        <ele>449</ele>
        <time>2026-01-27T19:29:05+00:00</time>
      </trkpt>
      <trkpt lat="47.721240" lon="6.728760">
        <ele>449</ele>
        <time>2026-01-27T19:29:08+00:00</time>
      </trkpt>
      <trkpt lat="47.721170" lon="6.728670">
        <ele>452</ele>
        <time>2026-01-27T19:29:11+00:00</time>
      </trkpt>
      <trkpt lat="47.721110" lon="6.728630">
        <ele>452</ele>
        <time>2026-01-27T19:29:14+00:00</time>
      </trkpt>
      <trkpt lat="47.721080" lon="6.728620">
        <ele>454</ele>
        <time>2026-01-27T19:29:17+00:00</time>
      </trkpt>
      <trkpt lat="47.720880" lon="6.728590">
        <ele>458</ele>
        <time>2026-01-27T19:29:20+00:00</time>
      </trkpt>
      <trkpt lat="47.720850" lon="6.728580">
        <ele>458</ele>
        <time>2026-01-27T19:29:23+00:00</time>
      </trkpt>
      <trkpt lat="47.720820" lon="6.728560">
        <ele>458</ele>
        <time>2026-01-27T19:29:26+00:00</time>
      </trkpt>
      <trkpt lat="47.720770" lon="6.728500">
        <ele>460</ele>
        <time>2026-01-27T19:29:29+00:00</time>
      </trkpt>
      <trkpt lat="47.720710" lon="6.728380">
        <ele>462</ele>
        <time>2026-01-27T19:29:32+00:00</time>
      </trkpt>
      <trkpt lat="47.720650" lon="6.728100">
        <ele>464</ele>
        <time>2026-01-27T19:29:35+00:00</time>
      </trkpt>
      <trkpt lat="47.720630" lon="6.728030">
        <ele>465</ele>
        <time>2026-01-27T19:29:38+00:00</time>
      </trkpt>
      <trkpt lat="47.720510" lon="6.727690">
        <ele>470</ele>
        <time>2026-01-27T19:29:41+00:00</time>
      </trkpt>
      <trkpt lat="47.720430" lon="6.727570">
        <ele>472</ele>
        <time>2026-01-27T19:29:44+00:00</time>
      </trkpt>
      <trkpt lat="47.720400" lon="6.727510">
        <ele>473</ele>
        <time>2026-01-27T19:29:47+00:00</time>
      </trkpt>
      <trkpt lat="47.720320" lon="6.727410">
        <ele>474</ele>
        <time>2026-01-27T19:29:50+00:00</time>
      </trkpt>
      <trkpt lat="47.720300" lon="6.727350">
        <ele>475</ele>
        <time>2026-01-27T19:29:53+00:00</time>
      </trkpt>
      <trkpt lat="47.720220" lon="6.727300">
        <ele>475</ele>
        <time>2026-01-27T19:29:56+00:00</time>
      </trkpt>
      <trkpt lat="47.720190" lon="6.727260">
        <ele>475</ele>
        <time>2026-01-27T19:29:59+00:00</time>
      </trkpt>
      <trkpt lat="47.720150" lon="6.727190">
        <ele>476</ele>
        <time>2026-01-27T19:30:02+00:00</time>
      </trkpt>
      <trkpt lat="47.720100" lon="6.727130">
        <ele>476</ele>
        <time>2026-01-27T19:30:05+00:00</time>
      </trkpt>
      <trkpt lat="47.720070" lon="6.727120">
        <ele>475</ele>
        <time>2026-01-27T19:30:08+00:00</time>
      </trkpt>
      <trkpt lat="47.720030" lon="6.727040">
        <ele>476</ele>
        <time>2026-01-27T19:30:11+00:00</time>
      </trkpt>
      <trkpt lat="47.720000" lon="6.726920">
        <ele>476</ele>
        <time>2026-01-27T19:30:14+00:00</time>
      </trkpt>
      <trkpt lat="47.719900" lon="6.726750">
        <ele>473</ele>
        <time>2026-01-27T19:30:17+00:00</time>
      </trkpt>
      <trkpt lat="47.719880" lon="6.726730">
        <ele>473</ele>
        <time>2026-01-27T19:30:20+00:00</time>
      </trkpt>
      <trkpt lat="47.719800" lon="6.726610">
        <ele>471</ele>
        <time>2026-01-27T19:30:23+00:00</time>
      </trkpt>
      <trkpt lat="47.719760" lon="6.726590">
        <ele>469</ele>
        <time>2026-01-27T19:30:26+00:00</time>
      </trkpt>
      <trkpt lat="47.719740" lon="6.726570">
        <ele>469</ele>
        <time>2026-01-27T19:30:29+00:00</time>
      </trkpt>
      <trkpt lat="47.719650" lon="6.726460">
        <ele>468</ele>
        <time>2026-01-27T19:30:32+00:00</time>
      </trkpt>
      <trkpt lat="47.719630" lon="6.726400">
        <ele>468</ele>
        <time>2026-01-27T19:30:35+00:00</time>
      </trkpt>
      <trkpt lat="47.719630" lon="6.726350">
        <ele>467</ele>
        <time>2026-01-27T19:30:38+00:00</time>
      </trkpt>
      <trkpt lat="47.719610" lon="6.726330">
        <ele>467</ele>
        <time>2026-01-27T19:30:41+00:00</time>
      </trkpt>
      <trkpt lat="47.719610" lon="6.726340">
        <ele>467</ele>
        <time>2026-01-27T19:30:44+00:00</time>
      </trkpt>
      <trkpt lat="47.719590" lon="6.726270">
        <ele>464</ele>
        <time>2026-01-27T19:30:47+00:00</time>
      </trkpt>
      <trkpt lat="47.719590" lon="6.726190">
        <ele>463</ele>
        <time>2026-01-27T19:30:50+00:00</time>
      </trkpt>
      <trkpt lat="47.719580" lon="6.726140">
        <ele>463</ele>
        <time>2026-01-27T19:30:53+00:00</time>
      </trkpt>
      <trkpt lat="47.719570" lon="6.726120">
        <ele>463</ele>
        <time>2026-01-27T19:30:56+00:00</time>
      </trkpt>
      <trkpt lat="47.719570" lon="6.726100">
        <ele>461</ele>
        <time>2026-01-27T19:30:59+00:00</time>
      </trkpt>
      <trkpt lat="47.719540" lon="6.726050">
        <ele>461</ele>
        <time>2026-01-27T19:31:02+00:00</time>
      </trkpt>
      <trkpt lat="47.719500" lon="6.726000">
        <ele>461</ele>
        <time>2026-01-27T19:31:05+00:00</time>
      </trkpt>
      <trkpt lat="47.719500" lon="6.725890">
        <ele>457</ele>
        <time>2026-01-27T19:31:08+00:00</time>
      </trkpt>
      <trkpt lat="47.719460" lon="6.725780">
        <ele>455</ele>
        <time>2026-01-27T19:31:11+00:00</time>
      </trkpt>
      <trkpt lat="47.719390" lon="6.725650">
        <ele>452</ele>
        <time>2026-01-27T19:31:14+00:00</time>
      </trkpt>
      <trkpt lat="47.719370" lon="6.725480">
        <ele>449</ele>
        <time>2026-01-27T19:31:17+00:00</time>
      </trkpt>
      <trkpt lat="47.719340" lon="6.725350">
        <ele>448</ele>
        <time>2026-01-27T19:31:20+00:00</time>
      </trkpt>
      <trkpt lat="47.719310" lon="6.725270">
        <ele>447</ele>
        <time>2026-01-27T19:31:23+00:00</time>
      </trkpt>
      <trkpt lat="47.719270" lon="6.725240">
        <ele>444</ele>
        <time>2026-01-27T19:31:26+00:00</time>
      </trkpt>
      <trkpt lat="47.719250" lon="6.725200">
        <ele>444</ele>
        <time>2026-01-27T19:31:29+00:00</time>
      </trkpt>
      <trkpt lat="47.719180" lon="6.725140">
        <ele>441</ele>
        <time>2026-01-27T19:31:32+00:00</time>
      </trkpt>
      <trkpt lat="47.719090" lon="6.725120">
        <ele>441</ele>
        <time>2026-01-27T19:31:35+00:00</time>
      </trkpt>
      <trkpt lat="47.719050" lon="6.725060">
        <ele>438</ele>
        <time>2026-01-27T19:31:38+00:00</time>
      </trkpt>
      <trkpt lat="47.718910" lon="6.724950">
        <ele>436</ele>
        <time>2026-01-27T19:31:41+00:00</time>
      </trkpt>
      <trkpt lat="47.718850" lon="6.724890">
        <ele>435</ele>
        <time>2026-01-27T19:31:44+00:00</time>
      </trkpt>
      <trkpt lat="47.718760" lon="6.724840">
        <ele>436</ele>
        <time>2026-01-27T19:31:47+00:00</time>
      </trkpt>
      <trkpt lat="47.718700" lon="6.724830">
        <ele>436</ele>
        <time>2026-01-27T19:31:50+00:00</time>
      </trkpt>
      <trkpt lat="47.718580" lon="6.724740">
        <ele>438</ele>
        <time>2026-01-27T19:31:53+00:00</time>
      </trkpt>
      <trkpt lat="47.718420" lon="6.724550">
        <ele>436</ele>
        <time>2026-01-27T19:31:56+00:00</time>
      </trkpt>
      <trkpt lat="47.718300" lon="6.724280">
        <ele>433</ele>
        <time>2026-01-27T19:31:59+00:00</time>
      </trkpt>
      <trkpt lat="47.718250" lon="6.724230">
        <ele>433</ele>
        <time>2026-01-27T19:32:02+00:00</time>
      </trkpt>
      <trkpt lat="47.718180" lon="6.724120">
        <ele>431</ele>
        <time>2026-01-27T19:32:05+00:00</time>
      </trkpt>
      <trkpt lat="47.718170" lon="6.724090">
        <ele>429</ele>
        <time>2026-01-27T19:32:08+00:00</time>
      </trkpt>
      <trkpt lat="47.718140" lon="6.724050">
        <ele>429</ele>
        <time>2026-01-27T19:32:11+00:00</time>
      </trkpt>
      <trkpt lat="47.718120" lon="6.724010">
        <ele>429</ele>
        <time>2026-01-27T19:32:14+00:00</time>
      </trkpt>
      <trkpt lat="47.718010" lon="6.723900">
        <ele>429</ele>
        <time>2026-01-27T19:32:17+00:00</time>
      </trkpt>
      <trkpt lat="47.717780" lon="6.723690">
        <ele>428</ele>
        <time>2026-01-27T19:32:20+00:00</time>
      </trkpt>
      <trkpt lat="47.717750" lon="6.723640">
        <ele>428</ele>
        <time>2026-01-27T19:32:23+00:00</time>
      </trkpt>
      <trkpt lat="47.717730" lon="6.723570">
        <ele>425</ele>
        <time>2026-01-27T19:32:26+00:00</time>
      </trkpt>
      <trkpt lat="47.717670" lon="6.723500">
        <ele>426</ele>
        <time>2026-01-27T19:32:29+00:00</time>
      </trkpt>
      <trkpt lat="47.717660" lon="6.723440">
        <ele>425</ele>
        <time>2026-01-27T19:32:32+00:00</time>
      </trkpt>
      <trkpt lat="47.717500" lon="6.723230">
        <ele>422</ele>
        <time>2026-01-27T19:32:35+00:00</time>
      </trkpt>
      <trkpt lat="47.717380" lon="6.723140">
        <ele>422</ele>
        <time>2026-01-27T19:32:38+00:00</time>
      </trkpt>
      <trkpt lat="47.717350" lon="6.723130">
        <ele>422</ele>
        <time>2026-01-27T19:32:41+00:00</time>
      </trkpt>
      <trkpt lat="47.717270" lon="6.722960">
        <ele>421</ele>
        <time>2026-01-27T19:32:44+00:00</time>
      </trkpt>
      <trkpt lat="47.717080" lon="6.722750">
        <ele>421</ele>
        <time>2026-01-27T19:32:47+00:00</time>
      </trkpt>
      <trkpt lat="47.717060" lon="6.722720">
        <ele>419</ele>
        <time>2026-01-27T19:32:50+00:00</time>
      </trkpt>
      <trkpt lat="47.717060" lon="6.722680">
        <ele>419</ele>
        <time>2026-01-27T19:32:53+00:00</time>
      </trkpt>
      <trkpt lat="47.717110" lon="6.722590">
        <ele>422</ele>
        <time>2026-01-27T19:32:56+00:00</time>
      </trkpt>
      <trkpt lat="47.717290" lon="6.722200">
        <ele>422</ele>
        <time>2026-01-27T19:32:59+00:00</time>
      </trkpt>
      <trkpt lat="47.717400" lon="6.721930">
        <ele>424</ele>
        <time>2026-01-27T19:33:02+00:00</time>
      </trkpt>
      <trkpt lat="47.717460" lon="6.721850">
        <ele>424</ele>
        <time>2026-01-27T19:33:05+00:00</time>
      </trkpt>
      <trkpt lat="47.717510" lon="6.721700">
        <ele>423</ele>
        <time>2026-01-27T19:33:08+00:00</time>
      </trkpt>
      <trkpt lat="47.717650" lon="6.721390">
        <ele>423</ele>
        <time>2026-01-27T19:33:11+00:00</time>
      </trkpt>
      <trkpt lat="47.717930" lon="6.720970">
        <ele>422</ele>
        <time>2026-01-27T19:33:14+00:00</time>
      </trkpt>
      <trkpt lat="47.718080" lon="6.720790">
        <ele>423</ele>
        <time>2026-01-27T19:33:17+00:00</time>
      </trkpt>
      <trkpt lat="47.718250" lon="6.720560">
        <ele>425</ele>
        <time>2026-01-27T19:33:20+00:00</time>
      </trkpt>
      <trkpt lat="47.718380" lon="6.720440">
        <ele>423</ele>
        <time>2026-01-27T19:33:23+00:00</time>
      </trkpt>
      <trkpt lat="47.718520" lon="6.720290">
        <ele>424</ele>
        <time>2026-01-27T19:33:26+00:00</time>
      </trkpt>
      <trkpt lat="47.718730" lon="6.720150">
        <ele>424</ele>
        <time>2026-01-27T19:33:29+00:00</time>
      </trkpt>
      <trkpt lat="47.718940" lon="6.720070">
        <ele>423</ele>
        <time>2026-01-27T19:33:32+00:00</time>
      </trkpt>
      <trkpt lat="47.719150" lon="6.719980">
        <ele>423</ele>
        <time>2026-01-27T19:33:35+00:00</time>
      </trkpt>
      <trkpt lat="47.719350" lon="6.719870">
        <ele>423</ele>
        <time>2026-01-27T19:33:38+00:00</time>
      </trkpt>
      <trkpt lat="47.719610" lon="6.719670">
        <ele>426</ele>
        <time>2026-01-27T19:33:41+00:00</time>
      </trkpt>
      <trkpt lat="47.719740" lon="6.719560">
        <ele>425</ele>
        <time>2026-01-27T19:33:44+00:00</time>
      </trkpt>
      <trkpt lat="47.719840" lon="6.719510">
        <ele>426</ele>
        <time>2026-01-27T19:33:47+00:00</time>
      </trkpt>
      <trkpt lat="47.719880" lon="6.719480">
        <ele>425</ele>
        <time>2026-01-27T19:33:50+00:00</time>
      </trkpt>
      <trkpt lat="47.720140" lon="6.719200">
        <ele>426</ele>
        <time>2026-01-27T19:33:53+00:00</time>
      </trkpt>
      <trkpt lat="47.720190" lon="6.719080">
        <ele>426</ele>
        <time>2026-01-27T19:33:56+00:00</time>
      </trkpt>
      <trkpt lat="47.720220" lon="6.718990">
        <ele>426</ele>
        <time>2026-01-27T19:33:59+00:00</time>
      </trkpt>
      <trkpt lat="47.720280" lon="6.718870">
        <ele>426</ele>
        <time>2026-01-27T19:34:02+00:00</time>
      </trkpt>
      <trkpt lat="47.720410" lon="6.718670">
        <ele>427</ele>
        <time>2026-01-27T19:34:05+00:00</time>
      </trkpt>
      <trkpt lat="47.720530" lon="6.718550">
        <ele>427</ele>
        <time>2026-01-27T19:34:08+00:00</time>
      </trkpt>
      <trkpt lat="47.720620" lon="6.718470">
        <ele>427</ele>
        <time>2026-01-27T19:34:11+00:00</time>
      </trkpt>
      <trkpt lat="47.720680" lon="6.718420">
        <ele>427</ele>
        <time>2026-01-27T19:34:14+00:00</time>
      </trkpt>
      <trkpt lat="47.720740" lon="6.718390">
        <ele>427</ele>
        <time>2026-01-27T19:34:17+00:00</time>
      </trkpt>
      <trkpt lat="47.720850" lon="6.718260">
        <ele>428</ele>
        <time>2026-01-27T19:34:20+00:00</time>
      </trkpt>
      <trkpt lat="47.721010" lon="6.718110">
        <ele>427</ele>
        <time>2026-01-27T19:34:23+00:00</time>
      </trkpt>
      <trkpt lat="47.721060" lon="6.717920">
        <ele>429</ele>
        <time>2026-01-27T19:34:26+00:00</time>
      </trkpt>
      <trkpt lat="47.720940" lon="6.717710">
        <ele>427</ele>
        <time>2026-01-27T19:34:29+00:00</time>
      </trkpt>
      <trkpt lat="47.720910" lon="6.717630">
        <ele>427</ele>
        <time>2026-01-27T19:34:32+00:00</time>
      </trkpt>
      <trkpt lat="47.720920" lon="6.717560">
        <ele>427</ele>
        <time>2026-01-27T19:34:35+00:00</time>
      </trkpt>
      <trkpt lat="47.720870" lon="6.717500">
        <ele>428</ele>
        <time>2026-01-27T19:34:38+00:00</time>
      </trkpt>
      <trkpt lat="47.720860" lon="6.717450">
        <ele>430</ele>
        <time>2026-01-27T19:34:41+00:00</time>
      </trkpt>
      <trkpt lat="47.720970" lon="6.717020">
        <ele>435</ele>
        <time>2026-01-27T19:34:44+00:00</time>
      </trkpt>
      <trkpt lat="47.720980" lon="6.716800">
        <ele>437</ele>
        <time>2026-01-27T19:34:47+00:00</time>
      </trkpt>
      <trkpt lat="47.720960" lon="6.716670">
        <ele>438</ele>
        <time>2026-01-27T19:34:50+00:00</time>
      </trkpt>
      <trkpt lat="47.720950" lon="6.716500">
        <ele>439</ele>
        <time>2026-01-27T19:34:53+00:00</time>
      </trkpt>
      <trkpt lat="47.720870" lon="6.716470">
        <ele>442</ele>
        <time>2026-01-27T19:34:56+00:00</time>
      </trkpt>
      <trkpt lat="47.720790" lon="6.716470">
        <ele>447</ele>
        <time>2026-01-27T19:34:59+00:00</time>
      </trkpt>
      <trkpt lat="47.720760" lon="6.716480">
        <ele>447</ele>
        <time>2026-01-27T19:35:02+00:00</time>
      </trkpt>
      <trkpt lat="47.720730" lon="6.716500">
        <ele>446</ele>
        <time>2026-01-27T19:35:05+00:00</time>
      </trkpt>
      <trkpt lat="47.720670" lon="6.716580">
        <ele>449</ele>
        <time>2026-01-27T19:35:08+00:00</time>
      </trkpt>
      <trkpt lat="47.720640" lon="6.716660">
        <ele>447</ele>
        <time>2026-01-27T19:35:11+00:00</time>
      </trkpt>
      <trkpt lat="47.720600" lon="6.716730">
        <ele>449</ele>
        <time>2026-01-27T19:35:14+00:00</time>
      </trkpt>
      <trkpt lat="47.720430" lon="6.716830">
        <ele>452</ele>
        <time>2026-01-27T19:35:17+00:00</time>
      </trkpt>
      <trkpt lat="47.720330" lon="6.716880">
        <ele>455</ele>
        <time>2026-01-27T19:35:20+00:00</time>
      </trkpt>
      <trkpt lat="47.720240" lon="6.716960">
        <ele>455</ele>
        <time>2026-01-27T19:35:23+00:00</time>
      </trkpt>
      <trkpt lat="47.720110" lon="6.717030">
        <ele>458</ele>
        <time>2026-01-27T19:35:26+00:00</time>
      </trkpt>
      <trkpt lat="47.719890" lon="6.717100">
        <ele>463</ele>
        <time>2026-01-27T19:35:29+00:00</time>
      </trkpt>
      <trkpt lat="47.719840" lon="6.717160">
        <ele>463</ele>
        <time>2026-01-27T19:35:32+00:00</time>
      </trkpt>
      <trkpt lat="47.719790" lon="6.717150">
        <ele>464</ele>
        <time>2026-01-27T19:35:35+00:00</time>
      </trkpt>
      <trkpt lat="47.719690" lon="6.717070">
        <ele>465</ele>
        <time>2026-01-27T19:35:38+00:00</time>
      </trkpt>
      <trkpt lat="47.719590" lon="6.716930">
        <ele>466</ele>
        <time>2026-01-27T19:35:41+00:00</time>
      </trkpt>
      <trkpt lat="47.719510" lon="6.716780">
        <ele>469</ele>
        <time>2026-01-27T19:35:44+00:00</time>
      </trkpt>
      <trkpt lat="47.719470" lon="6.716670">
        <ele>468</ele>
        <time>2026-01-27T19:35:47+00:00</time>
      </trkpt>
      <trkpt lat="47.719440" lon="6.716610">
        <ele>468</ele>
        <time>2026-01-27T19:35:50+00:00</time>
      </trkpt>
      <trkpt lat="47.719390" lon="6.716380">
        <ele>471</ele>
        <time>2026-01-27T19:35:53+00:00</time>
      </trkpt>
      <trkpt lat="47.719400" lon="6.716170">
        <ele>473</ele>
        <time>2026-01-27T19:35:56+00:00</time>
      </trkpt>
      <trkpt lat="47.719400" lon="6.715850">
        <ele>475</ele>
        <time>2026-01-27T19:35:59+00:00</time>
      </trkpt>
      <trkpt lat="47.719450" lon="6.715510">
        <ele>477</ele>
        <time>2026-01-27T19:36:02+00:00</time>
      </trkpt>
      <trkpt lat="47.719470" lon="6.715250">
        <ele>478</ele>
        <time>2026-01-27T19:36:05+00:00</time>
      </trkpt>
      <trkpt lat="47.719510" lon="6.715100">
        <ele>480</ele>
        <time>2026-01-27T19:36:08+00:00</time>
      </trkpt>
      <trkpt lat="47.719560" lon="6.714970">
        <ele>480</ele>
        <time>2026-01-27T19:36:11+00:00</time>
      </trkpt>
      <trkpt lat="47.719600" lon="6.714900">
        <ele>482</ele>
        <time>2026-01-27T19:36:14+00:00</time>
      </trkpt>
      <trkpt lat="47.719650" lon="6.714760">
        <ele>483</ele>
        <time>2026-01-27T19:36:17+00:00</time>
      </trkpt>
      <trkpt lat="47.719680" lon="6.714630">
        <ele>483</ele>
        <time>2026-01-27T19:36:20+00:00</time>
      </trkpt>
      <trkpt lat="47.719730" lon="6.714450">
        <ele>484</ele>
        <time>2026-01-27T19:36:23+00:00</time>
      </trkpt>
      <trkpt lat="47.719790" lon="6.714130">
        <ele>485</ele>
        <time>2026-01-27T19:36:26+00:00</time>
      </trkpt>
      <trkpt lat="47.719790" lon="6.714020">
        <ele>485</ele>
        <time>2026-01-27T19:36:29+00:00</time>
      </trkpt>
      <trkpt lat="47.719800" lon="6.713730">
        <ele>485</ele>
        <time>2026-01-27T19:36:32+00:00</time>
      </trkpt>
      <trkpt lat="47.719810" lon="6.713420">
        <ele>487</ele>
        <time>2026-01-27T19:36:35+00:00</time>
      </trkpt>
      <trkpt lat="47.719800" lon="6.713210">
        <ele>485</ele>
        <time>2026-01-27T19:36:38+00:00</time>
      </trkpt>
      <trkpt lat="47.719800" lon="6.712840">
        <ele>489</ele>
        <time>2026-01-27T19:36:41+00:00</time>
      </trkpt>
      <trkpt lat="47.719780" lon="6.712660">
        <ele>490</ele>
        <time>2026-01-27T19:36:44+00:00</time>
      </trkpt>
      <trkpt lat="47.719770" lon="6.712480">
        <ele>491</ele>
        <time>2026-01-27T19:36:47+00:00</time>
      </trkpt>
      <trkpt lat="47.719710" lon="6.712190">
        <ele>491</ele>
        <time>2026-01-27T19:36:50+00:00</time>
      </trkpt>
      <trkpt lat="47.719690" lon="6.712150">
        <ele>491</ele>
        <time>2026-01-27T19:36:53+00:00</time>
      </trkpt>
      <trkpt lat="47.719590" lon="6.711830">
        <ele>491</ele>
        <time>2026-01-27T19:36:56+00:00</time>
      </trkpt>
      <trkpt lat="47.719460" lon="6.711600">
        <ele>491</ele>
        <time>2026-01-27T19:36:59+00:00</time>
      </trkpt>
      <trkpt lat="47.719270" lon="6.711180">
        <ele>494</ele>
        <time>2026-01-27T19:37:02+00:00</time>
      </trkpt>
      <trkpt lat="47.719230" lon="6.711140">
        <ele>494</ele>
        <time>2026-01-27T19:37:05+00:00</time>
      </trkpt>
      <trkpt lat="47.719150" lon="6.710970">
        <ele>495</ele>
        <time>2026-01-27T19:37:08+00:00</time>
      </trkpt>
      <trkpt lat="47.719010" lon="6.710770">
        <ele>497</ele>
        <time>2026-01-27T19:37:11+00:00</time>
      </trkpt>
      <trkpt lat="47.718670" lon="6.710530">
        <ele>497</ele>
        <time>2026-01-27T19:37:14+00:00</time>
      </trkpt>
      <trkpt lat="47.718500" lon="6.710440">
        <ele>498</ele>
        <time>2026-01-27T19:37:17+00:00</time>
      </trkpt>
      <trkpt lat="47.718480" lon="6.710410">
        <ele>497</ele>
        <time>2026-01-27T19:37:20+00:00</time>
      </trkpt>
      <trkpt lat="47.718240" lon="6.710320">
        <ele>495</ele>
        <time>2026-01-27T19:37:23+00:00</time>
      </trkpt>
      <trkpt lat="47.718000" lon="6.710170">
        <ele>493</ele>
        <time>2026-01-27T19:37:26+00:00</time>
      </trkpt>
      <trkpt lat="47.717910" lon="6.710110">
        <ele>491</ele>
        <time>2026-01-27T19:37:29+00:00</time>
      </trkpt>
      <trkpt lat="47.717820" lon="6.710040">
        <ele>489</ele>
        <time>2026-01-27T19:37:32+00:00</time>
      </trkpt>
      <trkpt lat="47.717780" lon="6.710020">
        <ele>485</ele>
        <time>2026-01-27T19:37:35+00:00</time>
      </trkpt>
      <trkpt lat="47.717710" lon="6.709900">
        <ele>485</ele>
        <time>2026-01-27T19:37:38+00:00</time>
      </trkpt>
      <trkpt lat="47.717680" lon="6.709830">
        <ele>483</ele>
        <time>2026-01-27T19:37:41+00:00</time>
      </trkpt>
      <trkpt lat="47.717440" lon="6.709450">
        <ele>483</ele>
        <time>2026-01-27T19:37:44+00:00</time>
      </trkpt>
      <trkpt lat="47.717410" lon="6.709380">
        <ele>483</ele>
        <time>2026-01-27T19:37:47+00:00</time>
      </trkpt>
      <trkpt lat="47.717290" lon="6.709190">
        <ele>483</ele>
        <time>2026-01-27T19:37:50+00:00</time>
      </trkpt>
      <trkpt lat="47.717230" lon="6.709160">
        <ele>483</ele>
        <time>2026-01-27T19:37:53+00:00</time>
      </trkpt>
      <trkpt lat="47.717160" lon="6.709140">
        <ele>485</ele>
        <time>2026-01-27T19:37:56+00:00</time>
      </trkpt>
      <trkpt lat="47.717060" lon="6.709140">
        <ele>485</ele>
        <time>2026-01-27T19:37:59+00:00</time>
      </trkpt>
      <trkpt lat="47.717040" lon="6.709110">
        <ele>485</ele>
        <time>2026-01-27T19:38:02+00:00</time>
      </trkpt>
      <trkpt lat="47.717040" lon="6.709000">
        <ele>485</ele>
        <time>2026-01-27T19:38:05+00:00</time>
      </trkpt>
      <trkpt lat="47.717090" lon="6.708750">
        <ele>488</ele>
        <time>2026-01-27T19:38:08+00:00</time>
      </trkpt>
      <trkpt lat="47.717110" lon="6.708540">
        <ele>490</ele>
        <time>2026-01-27T19:38:11+00:00</time>
      </trkpt>
      <trkpt lat="47.717090" lon="6.708090">
        <ele>490</ele>
        <time>2026-01-27T19:38:14+00:00</time>
      </trkpt>
      <trkpt lat="47.717050" lon="6.707900">
        <ele>490</ele>
        <time>2026-01-27T19:38:17+00:00</time>
      </trkpt>
      <trkpt lat="47.716930" lon="6.707680">
        <ele>489</ele>
        <time>2026-01-27T19:38:20+00:00</time>
      </trkpt>
      <trkpt lat="47.716800" lon="6.707550">
        <ele>491</ele>
        <time>2026-01-27T19:38:23+00:00</time>
      </trkpt>
      <trkpt lat="47.716570" lon="6.707280">
        <ele>489</ele>
        <time>2026-01-27T19:38:26+00:00</time>
      </trkpt>
      <trkpt lat="47.716470" lon="6.707080">
        <ele>488</ele>
        <time>2026-01-27T19:38:29+00:00</time>
      </trkpt>
      <trkpt lat="47.716410" lon="6.706990">
        <ele>488</ele>
        <time>2026-01-27T19:38:32+00:00</time>
      </trkpt>
      <trkpt lat="47.716310" lon="6.706750">
        <ele>486</ele>
        <time>2026-01-27T19:38:35+00:00</time>
      </trkpt>
      <trkpt lat="47.716260" lon="6.706560">
        <ele>485</ele>
        <time>2026-01-27T19:38:38+00:00</time>
      </trkpt>
      <trkpt lat="47.716210" lon="6.706320">
        <ele>483</ele>
        <time>2026-01-27T19:38:41+00:00</time>
      </trkpt>
      <trkpt lat="47.716170" lon="6.706170">
        <ele>481</ele>
        <time>2026-01-27T19:38:44+00:00</time>
      </trkpt>
      <trkpt lat="47.716190" lon="6.705850">
        <ele>479</ele>
        <time>2026-01-27T19:38:47+00:00</time>
      </trkpt>
      <trkpt lat="47.716210" lon="6.705760">
        <ele>479</ele>
        <time>2026-01-27T19:38:50+00:00</time>
      </trkpt>
      <trkpt lat="47.716200" lon="6.705710">
        <ele>479</ele>
        <time>2026-01-27T19:38:53+00:00</time>
      </trkpt>
      <trkpt lat="47.716190" lon="6.705690">
        <ele>477</ele>
        <time>2026-01-27T19:38:56+00:00</time>
      </trkpt>
      <trkpt lat="47.716180" lon="6.705680">
        <ele>477</ele>
        <time>2026-01-27T19:38:59+00:00</time>
      </trkpt>
      <trkpt lat="47.716010" lon="6.705710">
        <ele>477</ele>
        <time>2026-01-27T19:39:02+00:00</time>
      </trkpt>
      <trkpt lat="47.715850" lon="6.705800">
        <ele>474</ele>
        <time>2026-01-27T19:39:05+00:00</time>
      </trkpt>
      <trkpt lat="47.715770" lon="6.705870">
        <ele>473</ele>
        <time>2026-01-27T19:39:08+00:00</time>
      </trkpt>
      <trkpt lat="47.715700" lon="6.705960">
        <ele>473</ele>
        <time>2026-01-27T19:39:11+00:00</time>
      </trkpt>
      <trkpt lat="47.715660" lon="6.706070">
        <ele>472</ele>
        <time>2026-01-27T19:39:14+00:00</time>
      </trkpt>
      <trkpt lat="47.715610" lon="6.706310">
        <ele>473</ele>
        <time>2026-01-27T19:39:17+00:00</time>
      </trkpt>
      <trkpt lat="47.715580" lon="6.706390">
        <ele>470</ele>
        <time>2026-01-27T19:39:20+00:00</time>
      </trkpt>
      <trkpt lat="47.715490" lon="6.706500">
        <ele>469</ele>
        <time>2026-01-27T19:39:23+00:00</time>
      </trkpt>
      <trkpt lat="47.715410" lon="6.706630">
        <ele>469</ele>
        <time>2026-01-27T19:39:26+00:00</time>
      </trkpt>
      <trkpt lat="47.715350" lon="6.706690">
        <ele>468</ele>
        <time>2026-01-27T19:39:29+00:00</time>
      </trkpt>
      <trkpt lat="47.715240" lon="6.706760">
        <ele>466</ele>
        <time>2026-01-27T19:39:32+00:00</time>
      </trkpt>
      <trkpt lat="47.715130" lon="6.706810">
        <ele>466</ele>
        <time>2026-01-27T19:39:35+00:00</time>
      </trkpt>
      <trkpt lat="47.715080" lon="6.706820">
        <ele>465</ele>
        <time>2026-01-27T19:39:38+00:00</time>
      </trkpt>
      <trkpt lat="47.714960" lon="6.706800">
        <ele>465</ele>
        <time>2026-01-27T19:39:41+00:00</time>
      </trkpt>
      <trkpt lat="47.714840" lon="6.706670">
        <ele>464</ele>
        <time>2026-01-27T19:39:44+00:00</time>
      </trkpt>
      <trkpt lat="47.714710" lon="6.706400">
        <ele>464</ele>
        <time>2026-01-27T19:39:47+00:00</time>
      </trkpt>
      <trkpt lat="47.714510" lon="6.705960">
        <ele>463</ele>
        <time>2026-01-27T19:39:50+00:00</time>
      </trkpt>
      <trkpt lat="47.714500" lon="6.705830">
        <ele>464</ele>
        <time>2026-01-27T19:39:53+00:00</time>
      </trkpt>
      <trkpt lat="47.714450" lon="6.705670">
        <ele>462</ele>
        <time>2026-01-27T19:39:56+00:00</time>
      </trkpt>
      <trkpt lat="47.714440" lon="6.705350">
        <ele>460</ele>
        <time>2026-01-27T19:39:59+00:00</time>
      </trkpt>
      <trkpt lat="47.714400" lon="6.705150">
        <ele>459</ele>
        <time>2026-01-27T19:40:02+00:00</time>
      </trkpt>
      <trkpt lat="47.714400" lon="6.705020">
        <ele>458</ele>
        <time>2026-01-27T19:40:05+00:00</time>
      </trkpt>
      <trkpt lat="47.714360" lon="6.704700">
        <ele>458</ele>
        <time>2026-01-27T19:40:08+00:00</time>
      </trkpt>
      <trkpt lat="47.714350" lon="6.704580">
        <ele>458</ele>
        <time>2026-01-27T19:40:11+00:00</time>
      </trkpt>
      <trkpt lat="47.714330" lon="6.704550">
        <ele>458</ele>
        <time>2026-01-27T19:40:14+00:00</time>
      </trkpt>
      <trkpt lat="47.714310" lon="6.704300">
        <ele>457</ele>
        <time>2026-01-27T19:40:17+00:00</time>
      </trkpt>
      <trkpt lat="47.714230" lon="6.703940">
        <ele>456</ele>
        <time>2026-01-27T19:40:20+00:00</time>
      </trkpt>
      <trkpt lat="47.714120" lon="6.703480">
        <ele>455</ele>
        <time>2026-01-27T19:40:23+00:00</time>
      </trkpt>
      <trkpt lat="47.714050" lon="6.703220">
        <ele>455</ele>
        <time>2026-01-27T19:40:26+00:00</time>
      </trkpt>
      <trkpt lat="47.713960" lon="6.702990">
        <ele>454</ele>
        <time>2026-01-27T19:40:29+00:00</time>
      </trkpt>
      <trkpt lat="47.713870" lon="6.702690">
        <ele>454</ele>
        <time>2026-01-27T19:40:32+00:00</time>
      </trkpt>
      <trkpt lat="47.713740" lon="6.702400">
        <ele>454</ele>
        <time>2026-01-27T19:40:35+00:00</time>
      </trkpt>
      <trkpt lat="47.713710" lon="6.702260">
        <ele>453</ele>
        <time>2026-01-27T19:40:38+00:00</time>
      </trkpt>
      <trkpt lat="47.713630" lon="6.702020">
        <ele>453</ele>
        <time>2026-01-27T19:40:41+00:00</time>
      </trkpt>
      <trkpt lat="47.713530" lon="6.701670">
        <ele>453</ele>
        <time>2026-01-27T19:40:44+00:00</time>
      </trkpt>
      <trkpt lat="47.713410" lon="6.701230">
        <ele>453</ele>
        <time>2026-01-27T19:40:47+00:00</time>
      </trkpt>
      <trkpt lat="47.713390" lon="6.701030">
        <ele>454</ele>
        <time>2026-01-27T19:40:50+00:00</time>
      </trkpt>
      <trkpt lat="47.713310" lon="6.700740">
        <ele>453</ele>
        <time>2026-01-27T19:40:53+00:00</time>
      </trkpt>
      <trkpt lat="47.713160" lon="6.700390">
        <ele>453</ele>
        <time>2026-01-27T19:40:56+00:00</time>
      </trkpt>
      <trkpt lat="47.712950" lon="6.699970">
        <ele>453</ele>
        <time>2026-01-27T19:40:59+00:00</time>
      </trkpt>
      <trkpt lat="47.712910" lon="6.699740">
        <ele>453</ele>
        <time>2026-01-27T19:41:02+00:00</time>
      </trkpt>
      <trkpt lat="47.712880" lon="6.699520">
        <ele>450</ele>
        <time>2026-01-27T19:41:05+00:00</time>
      </trkpt>
      <trkpt lat="47.712850" lon="6.699410">
        <ele>451</ele>
        <time>2026-01-27T19:41:08+00:00</time>
      </trkpt>
      <trkpt lat="47.712830" lon="6.699280">
        <ele>451</ele>
        <time>2026-01-27T19:41:11+00:00</time>
      </trkpt>
      <trkpt lat="47.712790" lon="6.699130">
        <ele>449</ele>
        <time>2026-01-27T19:41:14+00:00</time>
      </trkpt>
      <trkpt lat="47.712790" lon="6.699070">
        <ele>449</ele>
        <time>2026-01-27T19:41:17+00:00</time>
      </trkpt>
      <trkpt lat="47.712760" lon="6.698870">
        <ele>448</ele>
        <time>2026-01-27T19:41:20+00:00</time>
      </trkpt>
      <trkpt lat="47.712750" lon="6.698590">
        <ele>447</ele>
        <time>2026-01-27T19:41:23+00:00</time>
      </trkpt>
      <trkpt lat="47.712730" lon="6.698230">
        <ele>445</ele>
        <time>2026-01-27T19:41:26+00:00</time>
      </trkpt>
      <trkpt lat="47.712740" lon="6.698200">
        <ele>445</ele>
        <time>2026-01-27T19:41:29+00:00</time>
      </trkpt>
      <trkpt lat="47.712730" lon="6.698060">
        <ele>444</ele>
        <time>2026-01-27T19:41:32+00:00</time>
      </trkpt>
      <trkpt lat="47.712720" lon="6.698020">
        <ele>444</ele>
        <time>2026-01-27T19:41:35+00:00</time>
      </trkpt>
      <trkpt lat="47.712710" lon="6.697930">
        <ele>443</ele>
        <time>2026-01-27T19:41:38+00:00</time>
      </trkpt>
      <trkpt lat="47.712650" lon="6.697770">
        <ele>442</ele>
        <time>2026-01-27T19:41:41+00:00</time>
      </trkpt>
      <trkpt lat="47.712610" lon="6.697620">
        <ele>442</ele>
        <time>2026-01-27T19:41:44+00:00</time>
      </trkpt>
      <trkpt lat="47.712610" lon="6.697580">
        <ele>441</ele>
        <time>2026-01-27T19:41:47+00:00</time>
      </trkpt>
      <trkpt lat="47.712570" lon="6.697490">
        <ele>441</ele>
        <time>2026-01-27T19:41:50+00:00</time>
      </trkpt>
      <trkpt lat="47.712520" lon="6.697290">
        <ele>441</ele>
        <time>2026-01-27T19:41:53+00:00</time>
      </trkpt>
      <trkpt lat="47.712450" lon="6.697100">
        <ele>439</ele>
        <time>2026-01-27T19:41:56+00:00</time>
      </trkpt>
      <trkpt lat="47.712410" lon="6.696970">
        <ele>439</ele>
        <time>2026-01-27T19:41:59+00:00</time>
      </trkpt>
      <trkpt lat="47.712400" lon="6.696950">
        <ele>439</ele>
        <time>2026-01-27T19:42:02+00:00</time>
      </trkpt>
      <trkpt lat="47.712230" lon="6.696800">
        <ele>437</ele>
        <time>2026-01-27T19:42:05+00:00</time>
      </trkpt>
      <trkpt lat="47.712110" lon="6.696750">
        <ele>438</ele>
        <time>2026-01-27T19:42:08+00:00</time>
      </trkpt>
      <trkpt lat="47.712030" lon="6.696740">
        <ele>436</ele>
        <time>2026-01-27T19:42:11+00:00</time>
      </trkpt>
      <trkpt lat="47.712000" lon="6.696750">
        <ele>433</ele>
        <time>2026-01-27T19:42:14+00:00</time>
      </trkpt>
      <trkpt lat="47.711890" lon="6.696740">
        <ele>431</ele>
        <time>2026-01-27T19:42:17+00:00</time>
      </trkpt>
      <trkpt lat="47.711850" lon="6.696730">
        <ele>431</ele>
        <time>2026-01-27T19:42:20+00:00</time>
      </trkpt>
      <trkpt lat="47.711770" lon="6.696690">
        <ele>430</ele>
        <time>2026-01-27T19:42:23+00:00</time>
      </trkpt>
      <trkpt lat="47.711640" lon="6.696670">
        <ele>425</ele>
        <time>2026-01-27T19:42:26+00:00</time>
      </trkpt>
      <trkpt lat="47.711580" lon="6.696640">
        <ele>423</ele>
        <time>2026-01-27T19:42:29+00:00</time>
      </trkpt>
      <trkpt lat="47.711450" lon="6.696500">
        <ele>421</ele>
        <time>2026-01-27T19:42:32+00:00</time>
      </trkpt>
      <trkpt lat="47.711440" lon="6.696460">
        <ele>422</ele>
        <time>2026-01-27T19:42:35+00:00</time>
      </trkpt>
      <trkpt lat="47.711370" lon="6.696380">
        <ele>417</ele>
        <time>2026-01-27T19:42:38+00:00</time>
      </trkpt>
      <trkpt lat="47.711340" lon="6.696320">
        <ele>417</ele>
        <time>2026-01-27T19:42:41+00:00</time>
      </trkpt>
      <trkpt lat="47.711310" lon="6.696280">
        <ele>419</ele>
        <time>2026-01-27T19:42:44+00:00</time>
      </trkpt>
      <trkpt lat="47.711190" lon="6.696180">
        <ele>412</ele>
        <time>2026-01-27T19:42:47+00:00</time>
      </trkpt>
      <trkpt lat="47.711110" lon="6.696090">
        <ele>413</ele>
        <time>2026-01-27T19:42:50+00:00</time>
      </trkpt>
      <trkpt lat="47.711050" lon="6.696040">
        <ele>408</ele>
        <time>2026-01-27T19:42:53+00:00</time>
      </trkpt>
      <trkpt lat="47.710990" lon="6.695960">
        <ele>406</ele>
        <time>2026-01-27T19:42:56+00:00</time>
      </trkpt>
      <trkpt lat="47.710940" lon="6.695910">
        <ele>406</ele>
        <time>2026-01-27T19:42:59+00:00</time>
      </trkpt>
      <trkpt lat="47.710790" lon="6.695730">
        <ele>402</ele>
        <time>2026-01-27T19:43:02+00:00</time>
      </trkpt>
      <trkpt lat="47.710600" lon="6.695570">
        <ele>400</ele>
        <time>2026-01-27T19:43:05+00:00</time>
      </trkpt>
      <trkpt lat="47.710490" lon="6.695490">
        <ele>398</ele>
        <time>2026-01-27T19:43:08+00:00</time>
      </trkpt>
      <trkpt lat="47.710300" lon="6.695390">
        <ele>396</ele>
        <time>2026-01-27T19:43:11+00:00</time>
      </trkpt>
      <trkpt lat="47.710130" lon="6.695250">
        <ele>395</ele>
        <time>2026-01-27T19:43:14+00:00</time>
      </trkpt>
      <trkpt lat="47.710020" lon="6.695130">
        <ele>394</ele>
        <time>2026-01-27T19:43:17+00:00</time>
      </trkpt>
      <trkpt lat="47.709920" lon="6.694950">
        <ele>393</ele>
        <time>2026-01-27T19:43:20+00:00</time>
      </trkpt>
      <trkpt lat="47.709880" lon="6.694860">
        <ele>392</ele>
        <time>2026-01-27T19:43:23+00:00</time>
      </trkpt>
      <trkpt lat="47.709750" lon="6.694630">
        <ele>391</ele>
        <time>2026-01-27T19:43:26+00:00</time>
      </trkpt>
      <trkpt lat="47.709550" lon="6.694210">
        <ele>390</ele>
        <time>2026-01-27T19:43:29+00:00</time>
      </trkpt>
      <trkpt lat="47.709450" lon="6.694040">
        <ele>390</ele>
        <time>2026-01-27T19:43:32+00:00</time>
      </trkpt>
      <trkpt lat="47.709390" lon="6.693980">
        <ele>389</ele>
        <time>2026-01-27T19:43:35+00:00</time>
      </trkpt>
      <trkpt lat="47.709300" lon="6.693930">
        <ele>388</ele>
        <time>2026-01-27T19:43:38+00:00</time>
      </trkpt>
      <trkpt lat="47.709230" lon="6.693860">
        <ele>387</ele>
        <time>2026-01-27T19:43:41+00:00</time>
      </trkpt>
      <trkpt lat="47.709170" lon="6.693720">
        <ele>387</ele>
        <time>2026-01-27T19:43:44+00:00</time>
      </trkpt>
      <trkpt lat="47.709120" lon="6.693340">
        <ele>384</ele>
        <time>2026-01-27T19:43:47+00:00</time>
      </trkpt>
      <trkpt lat="47.709130" lon="6.693210">
        <ele>384</ele>
        <time>2026-01-27T19:43:50+00:00</time>
      </trkpt>
      <trkpt lat="47.709140" lon="6.692930">
        <ele>382</ele>
        <time>2026-01-27T19:43:53+00:00</time>
      </trkpt>
      <trkpt lat="47.709210" lon="6.692300">
        <ele>380</ele>
        <time>2026-01-27T19:43:56+00:00</time>
      </trkpt>
      <trkpt lat="47.709220" lon="6.692090">
        <ele>379</ele>
        <time>2026-01-27T19:43:59+00:00</time>
      </trkpt>
      <trkpt lat="47.709200" lon="6.691880">
        <ele>379</ele>
        <time>2026-01-27T19:44:02+00:00</time>
      </trkpt>
      <trkpt lat="47.709150" lon="6.691550">
        <ele>378</ele>
        <time>2026-01-27T19:44:05+00:00</time>
      </trkpt>
      <trkpt lat="47.709140" lon="6.691510">
        <ele>378</ele>
        <time>2026-01-27T19:44:08+00:00</time>
      </trkpt>
      <trkpt lat="47.709010" lon="6.691240">
        <ele>378</ele>
        <time>2026-01-27T19:44:11+00:00</time>
      </trkpt>
      <trkpt lat="47.708870" lon="6.690960">
        <ele>378</ele>
        <time>2026-01-27T19:44:14+00:00</time>
      </trkpt>
      <trkpt lat="47.708870" lon="6.690890">
        <ele>378</ele>
        <time>2026-01-27T19:44:17+00:00</time>
      </trkpt>
      <trkpt lat="47.708880" lon="6.690860">
        <ele>378</ele>
        <time>2026-01-27T19:44:20+00:00</time>
      </trkpt>
      <trkpt lat="47.709020" lon="6.690790">
        <ele>378</ele>
        <time>2026-01-27T19:44:23+00:00</time>
      </trkpt>
      <trkpt lat="47.709090" lon="6.690770">
        <ele>378</ele>
        <time>2026-01-27T19:44:26+00:00</time>
      </trkpt>
      <trkpt lat="47.709270" lon="6.690660">
        <ele>378</ele>
        <time>2026-01-27T19:44:29+00:00</time>
      </trkpt>
      <trkpt lat="47.709400" lon="6.690500">
        <ele>379</ele>
        <time>2026-01-27T19:44:32+00:00</time>
      </trkpt>
      <trkpt lat="47.709520" lon="6.690370">
        <ele>379</ele>
        <time>2026-01-27T19:44:35+00:00</time>
      </trkpt>
      <trkpt lat="47.709640" lon="6.690220">
        <ele>379</ele>
        <time>2026-01-27T19:44:38+00:00</time>
      </trkpt>
      <trkpt lat="47.709870" lon="6.690050">
        <ele>379</ele>
        <time>2026-01-27T19:44:41+00:00</time>
      </trkpt>
      <trkpt lat="47.710140" lon="6.689700">
        <ele>380</ele>
        <time>2026-01-27T19:44:44+00:00</time>
      </trkpt>
      <trkpt lat="47.710330" lon="6.689410">
        <ele>381</ele>
        <time>2026-01-27T19:44:47+00:00</time>
      </trkpt>
      <trkpt lat="47.710630" lon="6.688950">
        <ele>383</ele>
        <time>2026-01-27T19:44:50+00:00</time>
      </trkpt>
      <trkpt lat="47.710710" lon="6.688820">
        <ele>384</ele>
        <time>2026-01-27T19:44:53+00:00</time>
      </trkpt>
      <trkpt lat="47.710920" lon="6.688660">
        <ele>386</ele>
        <time>2026-01-27T19:44:56+00:00</time>
      </trkpt>
      <trkpt lat="47.711280" lon="6.688400">
        <ele>387</ele>
        <time>2026-01-27T19:44:59+00:00</time>
      </trkpt>
      <trkpt lat="47.711400" lon="6.688290">
        <ele>388</ele>
        <time>2026-01-27T19:45:02+00:00</time>
      </trkpt>
      <trkpt lat="47.711480" lon="6.688240">
        <ele>388</ele>
        <time>2026-01-27T19:45:05+00:00</time>
      </trkpt>
      <trkpt lat="47.711720" lon="6.688180">
        <ele>390</ele>
        <time>2026-01-27T19:45:08+00:00</time>
      </trkpt>
      <trkpt lat="47.711890" lon="6.688120">
        <ele>391</ele>
        <time>2026-01-27T19:45:11+00:00</time>
      </trkpt>
      <trkpt lat="47.712100" lon="6.687910">
        <ele>393</ele>
        <time>2026-01-27T19:45:14+00:00</time>
      </trkpt>
      <trkpt lat="47.712270" lon="6.687710">
        <ele>396</ele>
        <time>2026-01-27T19:45:17+00:00</time>
      </trkpt>
      <trkpt lat="47.712310" lon="6.687620">
        <ele>399</ele>
        <time>2026-01-27T19:45:20+00:00</time>
      </trkpt>
      <trkpt lat="47.712460" lon="6.687200">
        <ele>403</ele>
        <time>2026-01-27T19:45:23+00:00</time>
      </trkpt>
      <trkpt lat="47.712570" lon="6.686940">
        <ele>408</ele>
        <time>2026-01-27T19:45:26+00:00</time>
      </trkpt>
      <trkpt lat="47.712620" lon="6.686860">
        <ele>410</ele>
        <time>2026-01-27T19:45:29+00:00</time>
      </trkpt>
      <trkpt lat="47.712720" lon="6.686650">
        <ele>412</ele>
        <time>2026-01-27T19:45:32+00:00</time>
      </trkpt>
      <trkpt lat="47.712850" lon="6.686410">
        <ele>415</ele>
        <time>2026-01-27T19:45:35+00:00</time>
      </trkpt>
      <trkpt lat="47.712960" lon="6.686240">
        <ele>417</ele>
        <time>2026-01-27T19:45:38+00:00</time>
      </trkpt>
      <trkpt lat="47.713120" lon="6.686110">
        <ele>421</ele>
        <time>2026-01-27T19:45:41+00:00</time>
      </trkpt>
      <trkpt lat="47.713190" lon="6.686070">
        <ele>421</ele>
        <time>2026-01-27T19:45:44+00:00</time>
      </trkpt>
      <trkpt lat="47.713310" lon="6.686040">
        <ele>424</ele>
        <time>2026-01-27T19:45:47+00:00</time>
      </trkpt>
      <trkpt lat="47.713530" lon="6.685940">
        <ele>426</ele>
        <time>2026-01-27T19:45:50+00:00</time>
      </trkpt>
      <trkpt lat="47.713840" lon="6.685760">
        <ele>430</ele>
        <time>2026-01-27T19:45:53+00:00</time>
      </trkpt>
      <trkpt lat="47.714080" lon="6.685590">
        <ele>432</ele>
        <time>2026-01-27T19:45:56+00:00</time>
      </trkpt>
      <trkpt lat="47.714230" lon="6.685500">
        <ele>436</ele>
        <time>2026-01-27T19:45:59+00:00</time>
      </trkpt>
      <trkpt lat="47.714310" lon="6.685470">
        <ele>435</ele>
        <time>2026-01-27T19:46:02+00:00</time>
      </trkpt>
      <trkpt lat="47.714430" lon="6.685460">
        <ele>436</ele>
        <time>2026-01-27T19:46:05+00:00</time>
      </trkpt>
      <trkpt lat="47.714550" lon="6.685420">
        <ele>437</ele>
        <time>2026-01-27T19:46:08+00:00</time>
      </trkpt>
      <trkpt lat="47.714610" lon="6.685410">
        <ele>438</ele>
        <time>2026-01-27T19:46:11+00:00</time>
      </trkpt>
      <trkpt lat="47.714830" lon="6.685320">
        <ele>441</ele>
        <time>2026-01-27T19:46:14+00:00</time>
      </trkpt>
      <trkpt lat="47.714910" lon="6.685280">
        <ele>442</ele>
        <time>2026-01-27T19:46:17+00:00</time>
      </trkpt>
      <trkpt lat="47.714990" lon="6.685210">
        <ele>442</ele>
        <time>2026-01-27T19:46:20+00:00</time>
      </trkpt>
      <trkpt lat="47.715060" lon="6.685120">
        <ele>444</ele>
        <time>2026-01-27T19:46:23+00:00</time>
      </trkpt>
      <trkpt lat="47.715340" lon="6.684900">
        <ele>449</ele>
        <time>2026-01-27T19:46:26+00:00</time>
      </trkpt>
      <trkpt lat="47.715430" lon="6.684790">
        <ele>451</ele>
        <time>2026-01-27T19:46:29+00:00</time>
      </trkpt>
      <trkpt lat="47.715520" lon="6.684650">
        <ele>451</ele>
        <time>2026-01-27T19:46:32+00:00</time>
      </trkpt>
      <trkpt lat="47.715660" lon="6.684370">
        <ele>453</ele>
        <time>2026-01-27T19:46:35+00:00</time>
      </trkpt>
      <trkpt lat="47.715720" lon="6.684150">
        <ele>454</ele>
        <time>2026-01-27T19:46:38+00:00</time>
      </trkpt>
      <trkpt lat="47.715760" lon="6.683910">
        <ele>453</ele>
        <time>2026-01-27T19:46:41+00:00</time>
      </trkpt>
      <trkpt lat="47.715810" lon="6.683630">
        <ele>453</ele>
        <time>2026-01-27T19:46:44+00:00</time>
      </trkpt>
      <trkpt lat="47.715830" lon="6.683550">
        <ele>451</ele>
        <time>2026-01-27T19:46:47+00:00</time>
      </trkpt>
      <trkpt lat="47.715860" lon="6.683270">
        <ele>452</ele>
        <time>2026-01-27T19:46:50+00:00</time>
      </trkpt>
      <trkpt lat="47.715810" lon="6.682950">
        <ele>451</ele>
        <time>2026-01-27T19:46:53+00:00</time>
      </trkpt>
      <trkpt lat="47.715700" lon="6.682600">
        <ele>451</ele>
        <time>2026-01-27T19:46:56+00:00</time>
      </trkpt>
      <trkpt lat="47.715640" lon="6.682450">
        <ele>451</ele>
        <time>2026-01-27T19:46:59+00:00</time>
      </trkpt>
      <trkpt lat="47.715510" lon="6.682230">
        <ele>451</ele>
        <time>2026-01-27T19:47:02+00:00</time>
      </trkpt>
      <trkpt lat="47.715420" lon="6.681950">
        <ele>450</ele>
        <time>2026-01-27T19:47:05+00:00</time>
      </trkpt>
      <trkpt lat="47.715390" lon="6.681650">
        <ele>448</ele>
        <time>2026-01-27T19:47:08+00:00</time>
      </trkpt>
      <trkpt lat="47.715370" lon="6.681370">
        <ele>448</ele>
        <time>2026-01-27T19:47:11+00:00</time>
      </trkpt>
      <trkpt lat="47.715360" lon="6.681150">
        <ele>447</ele>
        <time>2026-01-27T19:47:14+00:00</time>
      </trkpt>
      <trkpt lat="47.715360" lon="6.680770">
        <ele>446</ele>
        <time>2026-01-27T19:47:17+00:00</time>
      </trkpt>
      <trkpt lat="47.715340" lon="6.680670">
        <ele>446</ele>
        <time>2026-01-27T19:47:20+00:00</time>
      </trkpt>
      <trkpt lat="47.715320" lon="6.680510">
        <ele>445</ele>
        <time>2026-01-27T19:47:23+00:00</time>
      </trkpt>
      <trkpt lat="47.715320" lon="6.680410">
        <ele>445</ele>
        <time>2026-01-27T19:47:26+00:00</time>
      </trkpt>
      <trkpt lat="47.715390" lon="6.679990">
        <ele>445</ele>
        <time>2026-01-27T19:47:29+00:00</time>
      </trkpt>
      <trkpt lat="47.715370" lon="6.679860">
        <ele>441</ele>
        <time>2026-01-27T19:47:32+00:00</time>
      </trkpt>
      <trkpt lat="47.715070" lon="6.679570">
        <ele>445</ele>
        <time>2026-01-27T19:47:35+00:00</time>
      </trkpt>
      <trkpt lat="47.714960" lon="6.679420">
        <ele>446</ele>
        <time>2026-01-27T19:47:38+00:00</time>
      </trkpt>
      <trkpt lat="47.714820" lon="6.679310">
        <ele>446</ele>
        <time>2026-01-27T19:47:41+00:00</time>
      </trkpt>
      <trkpt lat="47.714750" lon="6.679090">
        <ele>446</ele>
        <time>2026-01-27T19:47:44+00:00</time>
      </trkpt>
      <trkpt lat="47.714730" lon="6.678770">
        <ele>446</ele>
        <time>2026-01-27T19:47:47+00:00</time>
      </trkpt>
      <trkpt lat="47.714710" lon="6.678750">
        <ele>446</ele>
        <time>2026-01-27T19:47:50+00:00</time>
      </trkpt>
      <trkpt lat="47.714420" lon="6.678650">
        <ele>444</ele>
        <time>2026-01-27T19:47:53+00:00</time>
      </trkpt>
      <trkpt lat="47.714400" lon="6.678660">
        <ele>444</ele>
        <time>2026-01-27T19:47:56+00:00</time>
      </trkpt>
      <trkpt lat="47.714220" lon="6.678650">
        <ele>444</ele>
        <time>2026-01-27T19:47:59+00:00</time>
      </trkpt>
      <trkpt lat="47.714130" lon="6.678670">
        <ele>444</ele>
        <time>2026-01-27T19:48:02+00:00</time>
      </trkpt>
      <trkpt lat="47.713910" lon="6.678620">
        <ele>444</ele>
        <time>2026-01-27T19:48:05+00:00</time>
      </trkpt>
      <trkpt lat="47.713770" lon="6.678580">
        <ele>444</ele>
        <time>2026-01-27T19:48:08+00:00</time>
      </trkpt>
      <trkpt lat="47.713740" lon="6.678580">
        <ele>444</ele>
        <time>2026-01-27T19:48:11+00:00</time>
      </trkpt>
      <trkpt lat="47.713710" lon="6.678560">
        <ele>444</ele>
        <time>2026-01-27T19:48:14+00:00</time>
      </trkpt>
      <trkpt lat="47.713690" lon="6.678520">
        <ele>444</ele>
        <time>2026-01-27T19:48:17+00:00</time>
      </trkpt>
      <trkpt lat="47.713670" lon="6.678400">
        <ele>444</ele>
        <time>2026-01-27T19:48:20+00:00</time>
      </trkpt>
      <trkpt lat="47.713640" lon="6.678330">
        <ele>444</ele>
        <time>2026-01-27T19:48:23+00:00</time>
      </trkpt>
      <trkpt lat="47.713600" lon="6.678070">
        <ele>443</ele>
        <time>2026-01-27T19:48:26+00:00</time>
      </trkpt>
      <trkpt lat="47.713510" lon="6.677740">
        <ele>442</ele>
        <time>2026-01-27T19:48:29+00:00</time>
      </trkpt>
      <trkpt lat="47.713410" lon="6.677450">
        <ele>441</ele>
        <time>2026-01-27T19:48:32+00:00</time>
      </trkpt>
      <trkpt lat="47.713320" lon="6.677250">
        <ele>441</ele>
        <time>2026-01-27T19:48:35+00:00</time>
      </trkpt>
      <trkpt lat="47.713130" lon="6.677140">
        <ele>439</ele>
        <time>2026-01-27T19:48:38+00:00</time>
      </trkpt>
      <trkpt lat="47.713030" lon="6.677140">
        <ele>438</ele>
        <time>2026-01-27T19:48:41+00:00</time>
      </trkpt>
      <trkpt lat="47.712840" lon="6.677080">
        <ele>434</ele>
        <time>2026-01-27T19:48:44+00:00</time>
      </trkpt>
      <trkpt lat="47.712780" lon="6.677030">
        <ele>433</ele>
        <time>2026-01-27T19:48:47+00:00</time>
      </trkpt>
      <trkpt lat="47.712720" lon="6.676960">
        <ele>433</ele>
        <time>2026-01-27T19:48:50+00:00</time>
      </trkpt>
      <trkpt lat="47.712720" lon="6.676950">
        <ele>433</ele>
        <time>2026-01-27T19:48:53+00:00</time>
      </trkpt>
      <trkpt lat="47.712610" lon="6.676870">
        <ele>431</ele>
        <time>2026-01-27T19:48:56+00:00</time>
      </trkpt>
      <trkpt lat="47.712450" lon="6.676820">
        <ele>428</ele>
        <time>2026-01-27T19:48:59+00:00</time>
      </trkpt>
      <trkpt lat="47.712280" lon="6.676730">
        <ele>425</ele>
        <time>2026-01-27T19:49:02+00:00</time>
      </trkpt>
      <trkpt lat="47.712150" lon="6.676620">
        <ele>424</ele>
        <time>2026-01-27T19:49:05+00:00</time>
      </trkpt>
      <trkpt lat="47.712000" lon="6.676440">
        <ele>419</ele>
        <time>2026-01-27T19:49:08+00:00</time>
      </trkpt>
      <trkpt lat="47.711940" lon="6.676400">
        <ele>419</ele>
        <time>2026-01-27T19:49:11+00:00</time>
      </trkpt>
      <trkpt lat="47.711840" lon="6.676310">
        <ele>417</ele>
        <time>2026-01-27T19:49:14+00:00</time>
      </trkpt>
      <trkpt lat="47.711720" lon="6.676300">
        <ele>416</ele>
        <time>2026-01-27T19:49:17+00:00</time>
      </trkpt>
      <trkpt lat="47.711540" lon="6.676250">
        <ele>414</ele>
        <time>2026-01-27T19:49:20+00:00</time>
      </trkpt>
      <trkpt lat="47.711430" lon="6.676160">
        <ele>412</ele>
        <time>2026-01-27T19:49:23+00:00</time>
      </trkpt>
      <trkpt lat="47.711440" lon="6.676180">
        <ele>412</ele>
        <time>2026-01-27T19:49:26+00:00</time>
      </trkpt>
      <trkpt lat="47.711400" lon="6.676150">
        <ele>412</ele>
        <time>2026-01-27T19:49:29+00:00</time>
      </trkpt>
      <trkpt lat="47.711340" lon="6.676050">
        <ele>410</ele>
        <time>2026-01-27T19:49:32+00:00</time>
      </trkpt>
      <trkpt lat="47.711240" lon="6.675960">
        <ele>408</ele>
        <time>2026-01-27T19:49:35+00:00</time>
      </trkpt>
      <trkpt lat="47.711090" lon="6.675840">
        <ele>406</ele>
        <time>2026-01-27T19:49:38+00:00</time>
      </trkpt>
      <trkpt lat="47.711010" lon="6.675750">
        <ele>405</ele>
        <time>2026-01-27T19:49:41+00:00</time>
      </trkpt>
      <trkpt lat="47.710930" lon="6.675700">
        <ele>403</ele>
        <time>2026-01-27T19:49:44+00:00</time>
      </trkpt>
      <trkpt lat="47.710910" lon="6.675680">
        <ele>403</ele>
        <time>2026-01-27T19:49:47+00:00</time>
      </trkpt>
      <trkpt lat="47.710850" lon="6.675670">
        <ele>402</ele>
        <time>2026-01-27T19:49:50+00:00</time>
      </trkpt>
      <trkpt lat="47.710780" lon="6.675630">
        <ele>400</ele>
        <time>2026-01-27T19:49:53+00:00</time>
      </trkpt>
      <trkpt lat="47.710700" lon="6.675610">
        <ele>400</ele>
        <time>2026-01-27T19:49:56+00:00</time>
      </trkpt>
      <trkpt lat="47.710550" lon="6.675510">
        <ele>396</ele>
        <time>2026-01-27T19:49:59+00:00</time>
      </trkpt>
      <trkpt lat="47.710270" lon="6.675440">
        <ele>387</ele>
        <time>2026-01-27T19:50:02+00:00</time>
      </trkpt>
      <trkpt lat="47.710070" lon="6.675330">
        <ele>382</ele>
        <time>2026-01-27T19:50:05+00:00</time>
      </trkpt>
      <trkpt lat="47.709910" lon="6.675210">
        <ele>380</ele>
        <time>2026-01-27T19:50:08+00:00</time>
      </trkpt>
      <trkpt lat="47.709830" lon="6.675160">
        <ele>379</ele>
        <time>2026-01-27T19:50:11+00:00</time>
      </trkpt>
      <trkpt lat="47.709660" lon="6.675070">
        <ele>377</ele>
        <time>2026-01-27T19:50:14+00:00</time>
      </trkpt>
      <trkpt lat="47.709490" lon="6.674940">
        <ele>375</ele>
        <time>2026-01-27T19:50:17+00:00</time>
      </trkpt>
      <trkpt lat="47.709290" lon="6.674820">
        <ele>372</ele>
        <time>2026-01-27T19:50:20+00:00</time>
      </trkpt>
      <trkpt lat="47.709130" lon="6.674750">
        <ele>371</ele>
        <time>2026-01-27T19:50:23+00:00</time>
      </trkpt>
      <trkpt lat="47.708990" lon="6.674720">
        <ele>369</ele>
        <time>2026-01-27T19:50:26+00:00</time>
      </trkpt>
      <trkpt lat="47.708870" lon="6.674660">
        <ele>369</ele>
        <time>2026-01-27T19:50:29+00:00</time>
      </trkpt>
      <trkpt lat="47.708690" lon="6.674610">
        <ele>369</ele>
        <time>2026-01-27T19:50:32+00:00</time>
      </trkpt>
      <trkpt lat="47.708520" lon="6.674620">
        <ele>368</ele>
        <time>2026-01-27T19:50:35+00:00</time>
      </trkpt>
      <trkpt lat="47.708460" lon="6.674630">
        <ele>368</ele>
        <time>2026-01-27T19:50:38+00:00</time>
      </trkpt>
      <trkpt lat="47.708110" lon="6.674630">
        <ele>367</ele>
        <time>2026-01-27T19:50:41+00:00</time>
      </trkpt>
      <trkpt lat="47.707930" lon="6.674650">
        <ele>367</ele>
        <time>2026-01-27T19:50:44+00:00</time>
      </trkpt>
      <trkpt lat="47.707720" lon="6.674610">
        <ele>367</ele>
        <time>2026-01-27T19:50:47+00:00</time>
      </trkpt>
      <trkpt lat="47.707500" lon="6.674590">
        <ele>367</ele>
        <time>2026-01-27T19:50:50+00:00</time>
      </trkpt>
      <trkpt lat="47.707330" lon="6.674630">
        <ele>366</ele>
        <time>2026-01-27T19:50:53+00:00</time>
      </trkpt>
      <trkpt lat="47.707120" lon="6.674730">
        <ele>367</ele>
        <time>2026-01-27T19:50:56+00:00</time>
      </trkpt>
      <trkpt lat="47.707010" lon="6.674810">
        <ele>367</ele>
        <time>2026-01-27T19:50:59+00:00</time>
      </trkpt>
      <trkpt lat="47.706940" lon="6.674920">
        <ele>367</ele>
        <time>2026-01-27T19:51:02+00:00</time>
      </trkpt>
      <trkpt lat="47.706890" lon="6.675090">
        <ele>366</ele>
        <time>2026-01-27T19:51:05+00:00</time>
      </trkpt>
      <trkpt lat="47.706850" lon="6.675260">
        <ele>366</ele>
        <time>2026-01-27T19:51:08+00:00</time>
      </trkpt>
      <trkpt lat="47.706830" lon="6.675550">
        <ele>366</ele>
        <time>2026-01-27T19:51:11+00:00</time>
      </trkpt>
      <trkpt lat="47.706850" lon="6.675950">
        <ele>367</ele>
        <time>2026-01-27T19:51:14+00:00</time>
      </trkpt>
      <trkpt lat="47.706910" lon="6.676150">
        <ele>367</ele>
        <time>2026-01-27T19:51:17+00:00</time>
      </trkpt>
      <trkpt lat="47.707000" lon="6.676290">
        <ele>367</ele>
        <time>2026-01-27T19:51:20+00:00</time>
      </trkpt>
      <trkpt lat="47.707170" lon="6.676470">
        <ele>367</ele>
        <time>2026-01-27T19:51:23+00:00</time>
      </trkpt>
      <trkpt lat="47.707340" lon="6.676680">
        <ele>368</ele>
        <time>2026-01-27T19:51:26+00:00</time>
      </trkpt>
      <trkpt lat="47.707610" lon="6.677090">
        <ele>369</ele>
        <time>2026-01-27T19:51:29+00:00</time>
      </trkpt>
      <trkpt lat="47.707790" lon="6.677290">
        <ele>369</ele>
        <time>2026-01-27T19:51:32+00:00</time>
      </trkpt>
      <trkpt lat="47.707990" lon="6.677530">
        <ele>370</ele>
        <time>2026-01-27T19:51:35+00:00</time>
      </trkpt>
      <trkpt lat="47.708060" lon="6.677670">
        <ele>370</ele>
        <time>2026-01-27T19:51:38+00:00</time>
      </trkpt>
      <trkpt lat="47.708070" lon="6.677770">
        <ele>370</ele>
        <time>2026-01-27T19:51:41+00:00</time>
      </trkpt>
      <trkpt lat="47.708020" lon="6.677900">
        <ele>370</ele>
        <time>2026-01-27T19:51:44+00:00</time>
      </trkpt>
      <trkpt lat="47.708020" lon="6.677970">
        <ele>370</ele>
        <time>2026-01-27T19:51:47+00:00</time>
      </trkpt>
      <trkpt lat="47.707960" lon="6.678310">
        <ele>370</ele>
        <time>2026-01-27T19:51:50+00:00</time>
      </trkpt>
      <trkpt lat="47.707950" lon="6.678470">
        <ele>370</ele>
        <time>2026-01-27T19:51:53+00:00</time>
      </trkpt>
      <trkpt lat="47.707900" lon="6.678720">
        <ele>370</ele>
        <time>2026-01-27T19:51:56+00:00</time>
      </trkpt>
    </trkseg>
  </trk>
</gpx>